:ID,:LABEL,district_id,lat,lng,name
STN-KA-BLR-0000,Station,KA-BLR,13.114426,77.451245,Bengaluru North  PS
STN-KA-BLR-0001,Station,KA-BLR,13.052666,77.703235,Bengaluru North PS-2
STN-KA-BLR-0002,Station,KA-BLR,13.187004,77.53033,Bengaluru North PS-3
STN-KA-BLR-0003,Station,KA-BLR,12.924947,77.732904,Bengaluru North PS-4
STN-KA-BLR-0004,Station,KA-BLR,13.112292,77.583566,Bengaluru North PS-5
STN-KA-BLR-0005,Station,KA-BLR,12.92158,77.412327,Bengaluru North PS-6
STN-KA-BLR-0006,Station,KA-BLR,13.113559,77.665725,Bengaluru North PS-7
STN-KA-BLR-0007,Station,KA-BLR,13.078528,77.578463,Bengaluru North PS-8
STN-KA-BLR-0008,Station,KA-BLR,13.187671,77.7115,Bengaluru North PS-9
STN-KA-BLR-0009,Station,KA-BLR,13.142646,77.703408,Bengaluru North PS-10
STN-KA-BLR-0010,Station,KA-BLR,12.85781,77.441361,Bengaluru North PS-11
STN-KA-BLR-0011,Station,KA-BLR,12.833092,77.594663,Bengaluru North PS-12
STN-KA-BLR-0012,Station,KA-BLR,13.158464,77.4561,Bengaluru South PS-13
STN-KA-BLR-0013,Station,KA-BLR,12.814965,77.621941,Bengaluru South PS-14
STN-KA-BLR-0014,Station,KA-BLR,12.817964,77.574039,Bengaluru South PS-15
STN-KA-BLR-0015,Station,KA-BLR,12.837787,77.698716,Bengaluru South PS-16
STN-KA-BLR-0016,Station,KA-BLR,12.924129,77.710962,Bengaluru South PS-17
STN-KA-BLR-0017,Station,KA-BLR,13.032447,77.47991,Bengaluru South PS-18
STN-KA-BLR-0018,Station,KA-BLR,13.182249,77.514578,Bengaluru South PS-19
STN-KA-BLR-0019,Station,KA-BLR,13.121744,77.586953,Bengaluru South PS-20
STN-KA-BLR-0020,Station,KA-BLR,12.965029,77.549674,Bengaluru East PS-21
STN-KA-BLR-0021,Station,KA-BLR,13.037773,77.458469,Bengaluru East PS-22
STN-KA-BLR-0022,Station,KA-BLR,12.869857,77.421353,Bengaluru East PS-23
STN-KA-BLR-0023,Station,KA-BLR,12.899755,77.628493,Bengaluru East PS-24
STN-KA-BLR-0024,Station,KA-BLR,13.161061,77.791828,Bengaluru East PS-25
STN-KA-BLR-0025,Station,KA-BLR,13.055825,77.506585,Bengaluru East PS-26
STN-KA-BLR-0026,Station,KA-BLR,13.179543,77.766539,Bengaluru East PS-27
STN-KA-BLR-0027,Station,KA-BLR,12.880962,77.677919,Bengaluru East PS-28
STN-KA-BLR-0028,Station,KA-BLR,13.037473,77.71305,Bengaluru West PS-29
STN-KA-BLR-0029,Station,KA-BLR,13.009053,77.705569,Bengaluru West PS-30
STN-KA-BLR-0030,Station,KA-BLR,13.068493,77.533455,Bengaluru West PS-31
STN-KA-BLR-0031,Station,KA-BLR,13.091874,77.621197,Bengaluru West PS-32
STN-KA-BLR-0032,Station,KA-BLR,12.848769,77.635303,Bengaluru West PS-33
STN-KA-BLR-0033,Station,KA-BLR,12.844235,77.798814,Bengaluru West PS-34
STN-KA-BLR-0034,Station,KA-BLR,12.896331,77.457209,Bengaluru West PS-35
STN-KA-BLR-0035,Station,KA-BLR,13.139764,77.422893,Bengaluru West PS-36
STN-KA-BLR-0036,Station,KA-BLR,13.052005,77.740452,Yelahanka PS-37
STN-KA-BLR-0037,Station,KA-BLR,13.153658,77.683831,Yelahanka PS-38
STN-KA-BLR-0038,Station,KA-BLR,12.920537,77.631207,Yelahanka PS-39
STN-KA-BLR-0039,Station,KA-BLR,12.921882,77.571161,Yelahanka PS-40
STN-KA-BLR-0040,Station,KA-BLR,12.890237,77.628983,Yelahanka PS-41
STN-KA-BLR-0041,Station,KA-BLR,13.005096,77.694682,Yelahanka PS-42
STN-KA-BLR-0042,Station,KA-BLR,13.136797,77.422227,Yelahanka PS-43
STN-KA-BLR-0043,Station,KA-BLR,13.040336,77.447869,Yelahanka PS-44
STN-KA-BLR-0044,Station,KA-BLR,12.883623,77.610035,Rajarajeshwari Nagar PS-45
STN-KA-BLR-0045,Station,KA-BLR,12.83202,77.702132,Rajarajeshwari Nagar PS-46
STN-KA-BLR-0046,Station,KA-BLR,12.997316,77.433646,Rajarajeshwari Nagar PS-47
STN-KA-BLR-0047,Station,KA-BLR,13.137792,77.593029,Rajarajeshwari Nagar PS-48
STN-KA-BLR-0048,Station,KA-BLR,12.959421,77.766935,Rajarajeshwari Nagar PS-49
STN-KA-BLR-0049,Station,KA-BLR,12.911209,77.681213,Rajarajeshwari Nagar PS-50
STN-KA-BLR-0050,Station,KA-BLR,12.845642,77.692965,Rajarajeshwari Nagar PS-51
STN-KA-BLR-0051,Station,KA-BLR,12.816379,77.710937,Rajarajeshwari Nagar PS-52
STN-KA-BLR-0052,Station,KA-BLR,13.129033,77.414788,Mahadevapura PS-53
STN-KA-BLR-0053,Station,KA-BLR,12.893814,77.648759,Mahadevapura PS-54
STN-KA-BLR-0054,Station,KA-BLR,12.939213,77.741338,Mahadevapura PS-55
STN-KA-BLR-0055,Station,KA-BLR,13.199497,77.518545,Mahadevapura PS-56
STN-KA-BLR-0056,Station,KA-BLR,12.946151,77.426867,Mahadevapura PS-57
STN-KA-BLR-0057,Station,KA-BLR,13.158799,77.494039,Mahadevapura PS-58
STN-KA-BLR-0058,Station,KA-BLR,13.149726,77.513299,Mahadevapura PS-59
STN-KA-BLR-0059,Station,KA-BLR,12.874072,77.624868,Mahadevapura PS-60
STN-KA-BLR-R-0000,Station,KA-BLR-R,12.939318,77.482047,Hosakote Rural PS
STN-KA-BLR-R-0001,Station,KA-BLR-R,13.149966,77.300664,Hosakote PS-2
STN-KA-BLR-R-0002,Station,KA-BLR-R,13.093494,77.396993,Hosakote PS-3
STN-KA-BLR-R-0003,Station,KA-BLR-R,12.982923,77.667529,Hosakote PS-4
STN-KA-BLR-R-0004,Station,KA-BLR-R,13.412022,77.547648,Hosakote PS-5
STN-KA-BLR-R-0005,Station,KA-BLR-R,13.091039,77.619685,Hosakote PS-6
STN-KA-BLR-R-0006,Station,KA-BLR-R,13.324855,77.595432,Devanahalli PS-7
STN-KA-BLR-R-0007,Station,KA-BLR-R,12.909948,77.697234,Devanahalli PS-8
STN-KA-BLR-R-0008,Station,KA-BLR-R,13.298173,77.634498,Devanahalli PS-9
STN-KA-BLR-R-0009,Station,KA-BLR-R,13.240163,77.603369,Devanahalli PS-10
STN-KA-BLR-R-0010,Station,KA-BLR-R,13.309549,77.35975,Doddaballapura PS-11
STN-KA-BLR-R-0011,Station,KA-BLR-R,13.210212,77.596687,Doddaballapura PS-12
STN-KA-BLR-R-0012,Station,KA-BLR-R,12.913884,77.69169,Doddaballapura PS-13
STN-KA-BLR-R-0013,Station,KA-BLR-R,13.180584,77.378697,Doddaballapura PS-14
STN-KA-BLR-R-0014,Station,KA-BLR-R,13.428622,77.411245,Nelamangala PS-15
STN-KA-BLR-R-0015,Station,KA-BLR-R,12.966415,77.400975,Nelamangala PS-16
STN-KA-BLR-R-0016,Station,KA-BLR-R,13.231739,77.338791,Nelamangala PS-17
STN-KA-BLR-R-0017,Station,KA-BLR-R,13.122752,77.461942,Nelamangala PS-18
STN-KA-MYS-0000,Station,KA-MYS,12.089498,76.604873,Mysuru Town PS
STN-KA-MYS-0001,Station,KA-MYS,12.421592,76.899623,Mysuru PS-2
STN-KA-MYS-0002,Station,KA-MYS,11.914504,76.698975,Mysuru PS-3
STN-KA-MYS-0003,Station,KA-MYS,11.931067,77.089744,Mysuru PS-4
STN-KA-MYS-0004,Station,KA-MYS,12.325587,76.914272,Mysuru PS-5
STN-KA-MYS-0005,Station,KA-MYS,11.906629,76.769055,Mysuru PS-6
STN-KA-MYS-0006,Station,KA-MYS,11.924065,76.810285,Nanjangud PS-7
STN-KA-MYS-0007,Station,KA-MYS,12.056435,76.86466,Nanjangud PS-8
STN-KA-MYS-0008,Station,KA-MYS,11.888065,76.282551,Nanjangud PS-9
STN-KA-MYS-0009,Station,KA-MYS,11.890554,76.447637,Nanjangud PS-10
STN-KA-MYS-0010,Station,KA-MYS,12.237835,76.488442,Hunsur PS-11
STN-KA-MYS-0011,Station,KA-MYS,12.025551,76.690094,Hunsur PS-12
STN-KA-MYS-0012,Station,KA-MYS,12.333813,76.632547,Hunsur PS-13
STN-KA-MYS-0013,Station,KA-MYS,11.91739,76.206756,Hunsur PS-14
STN-KA-MYS-0014,Station,KA-MYS,12.09596,76.757702,Heggadadevankote PS-15
STN-KA-MYS-0015,Station,KA-MYS,11.923449,76.581146,Heggadadevankote PS-16
STN-KA-MYS-0016,Station,KA-MYS,12.022828,76.615088,Heggadadevankote PS-17
STN-KA-MYS-0017,Station,KA-MYS,12.360973,76.642132,Heggadadevankote PS-18
STN-KA-MYS-0018,Station,KA-MYS,12.342237,76.231355,Periyapatna PS-19
STN-KA-MYS-0019,Station,KA-MYS,12.316458,76.431707,Periyapatna PS-20
STN-KA-MYS-0020,Station,KA-MYS,11.923404,76.357812,Periyapatna PS-21
STN-KA-MYS-0021,Station,KA-MYS,11.93461,76.398718,Periyapatna PS-22
STN-KA-MYS-0022,Station,KA-MYS,12.140334,76.434166,T Narsipur PS-23
STN-KA-MYS-0023,Station,KA-MYS,11.846255,76.200961,T Narsipur PS-24
STN-KA-MYS-0024,Station,KA-MYS,12.21004,76.375938,T Narsipur PS-25
STN-KA-MYS-0025,Station,KA-MYS,11.838689,76.521633,T Narsipur PS-26
STN-KA-MYS-0026,Station,KA-MYS,12.396668,76.878844,Krishnarajanagar PS-27
STN-KA-MYS-0027,Station,KA-MYS,12.485044,76.648776,Krishnarajanagar PS-28
STN-KA-MYS-0028,Station,KA-MYS,12.212532,76.522806,Krishnarajanagar PS-29
STN-KA-MYS-0029,Station,KA-MYS,12.261127,76.698959,Krishnarajanagar PS-30
STN-KA-MGL-0000,Station,KA-MGL,12.554453,75.378753,Mangaluru Town PS
STN-KA-MGL-0001,Station,KA-MGL,12.808251,75.193868,Mangaluru PS-2
STN-KA-MGL-0002,Station,KA-MGL,12.739047,74.989239,Mangaluru PS-3
STN-KA-MGL-0003,Station,KA-MGL,12.624678,74.870774,Mangaluru PS-4
STN-KA-MGL-0004,Station,KA-MGL,12.90263,74.999078,Mangaluru PS-5
STN-KA-MGL-0005,Station,KA-MGL,12.424057,75.123209,Bantwal PS-6
STN-KA-MGL-0006,Station,KA-MGL,12.448441,75.256169,Bantwal PS-7
STN-KA-MGL-0007,Station,KA-MGL,12.581059,75.432092,Bantwal PS-8
STN-KA-MGL-0008,Station,KA-MGL,12.63834,75.111511,Bantwal PS-9
STN-KA-MGL-0009,Station,KA-MGL,12.985539,75.389508,Bantwal PS-10
STN-KA-MGL-0010,Station,KA-MGL,12.631805,75.053119,Belthangady PS-11
STN-KA-MGL-0011,Station,KA-MGL,12.985442,74.953093,Belthangady PS-12
STN-KA-MGL-0012,Station,KA-MGL,12.722331,75.238193,Belthangady PS-13
STN-KA-MGL-0013,Station,KA-MGL,12.626986,75.339541,Belthangady PS-14
STN-KA-MGL-0014,Station,KA-MGL,12.512742,74.875119,Belthangady PS-15
STN-KA-MGL-0015,Station,KA-MGL,12.536781,75.246326,Puttur PS-16
STN-KA-MGL-0016,Station,KA-MGL,12.782762,75.39936,Puttur PS-17
STN-KA-MGL-0017,Station,KA-MGL,12.675826,74.950847,Puttur PS-18
STN-KA-MGL-0018,Station,KA-MGL,12.5186,75.003931,Puttur PS-19
STN-KA-MGL-0019,Station,KA-MGL,12.476366,75.185168,Puttur PS-20
STN-KA-MGL-0020,Station,KA-MGL,12.505813,75.127239,Sullia PS-21
STN-KA-MGL-0021,Station,KA-MGL,12.857893,75.451002,Sullia PS-22
STN-KA-MGL-0022,Station,KA-MGL,12.409483,75.13404,Sullia PS-23
STN-KA-MGL-0023,Station,KA-MGL,12.923747,75.422929,Sullia PS-24
STN-KA-MGL-0024,Station,KA-MGL,12.434767,75.464505,Sullia PS-25
STN-KA-MGL-0025,Station,KA-MGL,12.888684,74.964679,Kadaba PS-26
STN-KA-MGL-0026,Station,KA-MGL,12.527845,74.803014,Kadaba PS-27
STN-KA-MGL-0027,Station,KA-MGL,12.513302,74.936847,Kadaba PS-28
STN-KA-MGL-0028,Station,KA-MGL,12.837889,75.328201,Kadaba PS-29
STN-KA-MGL-0029,Station,KA-MGL,12.564481,74.97831,Kadaba PS-30
STN-KA-HBL-0000,Station,KA-HBL,15.126561,75.442177,Hubballi Rural PS
STN-KA-HBL-0001,Station,KA-HBL,15.563107,75.309862,Hubballi PS-2
STN-KA-HBL-0002,Station,KA-HBL,15.303166,75.207851,Hubballi PS-3
STN-KA-HBL-0003,Station,KA-HBL,15.433102,75.442502,Hubballi PS-4
STN-KA-HBL-0004,Station,KA-HBL,15.22967,75.485985,Hubballi PS-5
STN-KA-HBL-0005,Station,KA-HBL,15.338114,75.146924,Hubballi PS-6
STN-KA-HBL-0006,Station,KA-HBL,15.447641,75.419994,Dharwad PS-7
STN-KA-HBL-0007,Station,KA-HBL,15.318968,75.133294,Dharwad PS-8
STN-KA-HBL-0008,Station,KA-HBL,15.553139,75.032514,Dharwad PS-9
STN-KA-HBL-0009,Station,KA-HBL,15.46465,75.241638,Dharwad PS-10
STN-KA-HBL-0010,Station,KA-HBL,15.092119,74.972447,Dharwad PS-11
STN-KA-HBL-0011,Station,KA-HBL,15.177012,75.198184,Dharwad PS-12
STN-KA-HBL-0012,Station,KA-HBL,15.268103,75.086325,Kalghatagi PS-13
STN-KA-HBL-0013,Station,KA-HBL,15.371832,75.449579,Kalghatagi PS-14
STN-KA-HBL-0014,Station,KA-HBL,15.57732,75.115404,Kalghatagi PS-15
STN-KA-HBL-0015,Station,KA-HBL,15.564646,74.917155,Kalghatagi PS-16
STN-KA-HBL-0016,Station,KA-HBL,15.599297,74.956762,Kalghatagi PS-17
STN-KA-HBL-0017,Station,KA-HBL,15.122316,75.169979,Kalghatagi PS-18
STN-KA-HBL-0018,Station,KA-HBL,15.336466,75.153852,Navalgund PS-19
STN-KA-HBL-0019,Station,KA-HBL,15.455605,75.187787,Navalgund PS-20
STN-KA-HBL-0020,Station,KA-HBL,15.093238,75.224596,Navalgund PS-21
STN-KA-HBL-0021,Station,KA-HBL,15.121674,75.26199,Navalgund PS-22
STN-KA-HBL-0022,Station,KA-HBL,15.426846,74.812906,Navalgund PS-23
STN-KA-HBL-0023,Station,KA-HBL,15.025531,74.956513,Navalgund PS-24
STN-KA-HBL-0024,Station,KA-HBL,15.007231,75.334114,Kundgol PS-25
STN-KA-HBL-0025,Station,KA-HBL,15.092148,75.317839,Kundgol PS-26
STN-KA-HBL-0026,Station,KA-HBL,15.131748,75.124746,Kundgol PS-27
STN-KA-HBL-0027,Station,KA-HBL,15.415756,75.491119,Kundgol PS-28
STN-KA-HBL-0028,Station,KA-HBL,15.312043,75.389912,Kundgol PS-29
STN-KA-HBL-0029,Station,KA-HBL,15.171956,74.897851,Kundgol PS-30
STN-KA-BLG-0000,Station,KA-BLG,15.723465,74.656547,Belagavi Town PS
STN-KA-BLG-0001,Station,KA-BLG,16.204539,75.142404,Belagavi PS-2
STN-KA-BLG-0002,Station,KA-BLG,15.992289,74.346743,Belagavi PS-3
STN-KA-BLG-0003,Station,KA-BLG,15.546549,75.145417,Belagavi PS-4
STN-KA-BLG-0004,Station,KA-BLG,15.903427,74.479487,Belagavi PS-5
STN-KA-BLG-0005,Station,KA-BLG,15.663189,74.874813,Belagavi PS-6
STN-KA-BLG-0006,Station,KA-BLG,15.808385,74.238979,Belagavi PS-7
STN-KA-BLG-0007,Station,KA-BLG,16.393527,74.541538,Belagavi PS-8
STN-KA-BLG-0008,Station,KA-BLG,15.716224,74.473906,Belagavi PS-9
STN-KA-BLG-0009,Station,KA-BLG,16.180984,75.19081,Gokak PS-10
STN-KA-BLG-0010,Station,KA-BLG,16.225759,74.50846,Gokak PS-11
STN-KA-BLG-0011,Station,KA-BLG,16.271174,74.297883,Gokak PS-12
STN-KA-BLG-0012,Station,KA-BLG,15.883374,74.527808,Hukkeri PS-13
STN-KA-BLG-0013,Station,KA-BLG,16.372794,74.984722,Hukkeri PS-14
STN-KA-BLG-0014,Station,KA-BLG,16.007476,74.921041,Hukkeri PS-15
STN-KA-BLG-0015,Station,KA-BLG,15.667377,74.523266,Khanapur PS-16
STN-KA-BLG-0016,Station,KA-BLG,15.578983,74.314019,Khanapur PS-17
STN-KA-BLG-0017,Station,KA-BLG,15.56044,74.238751,Khanapur PS-18
STN-KA-BLG-0018,Station,KA-BLG,15.983455,74.496868,Chikkodi PS-19
STN-KA-BLG-0019,Station,KA-BLG,16.194674,74.578868,Chikkodi PS-20
STN-KA-BLG-0020,Station,KA-BLG,15.583507,74.762009,Chikkodi PS-21
STN-KA-BLG-0021,Station,KA-BLG,15.532787,74.75619,Raibag PS-22
STN-KA-BLG-0022,Station,KA-BLG,16.187789,74.399795,Raibag PS-23
STN-KA-BLG-0023,Station,KA-BLG,16.156546,75.148874,Raibag PS-24
STN-KA-BLG-0024,Station,KA-BLG,15.570869,74.584683,Ramdurg PS-25
STN-KA-BLG-0025,Station,KA-BLG,15.57225,74.46273,Ramdurg PS-26
STN-KA-BLG-0026,Station,KA-BLG,16.120786,75.068236,Ramdurg PS-27
STN-KA-BLG-0027,Station,KA-BLG,16.251977,74.288929,Savadatti PS-28
STN-KA-BLG-0028,Station,KA-BLG,15.635117,75.030704,Savadatti PS-29
STN-KA-BLG-0029,Station,KA-BLG,15.794209,74.505481,Savadatti PS-30
STN-KA-KLP-0000,Station,KA-KLP,17.006032,76.54725,Kalaburagi Rural PS
STN-KA-KLP-0001,Station,KA-KLP,17.693871,76.757617,Kalaburagi PS-2
STN-KA-KLP-0002,Station,KA-KLP,17.208188,76.829785,Kalaburagi PS-3
STN-KA-KLP-0003,Station,KA-KLP,17.652023,76.623844,Kalaburagi PS-4
STN-KA-KLP-0004,Station,KA-KLP,17.502845,77.086176,Kalaburagi PS-5
STN-KA-KLP-0005,Station,KA-KLP,17.377606,76.981375,Kalaburagi PS-6
STN-KA-KLP-0006,Station,KA-KLP,17.376255,77.106196,Afzalpur PS-7
STN-KA-KLP-0007,Station,KA-KLP,17.415419,77.091363,Afzalpur PS-8
STN-KA-KLP-0008,Station,KA-KLP,17.660901,77.005153,Afzalpur PS-9
STN-KA-KLP-0009,Station,KA-KLP,17.281497,76.550944,Afzalpur PS-10
STN-KA-KLP-0010,Station,KA-KLP,17.580405,76.777198,Chittapur PS-11
STN-KA-KLP-0011,Station,KA-KLP,17.585649,76.645832,Chittapur PS-12
STN-KA-KLP-0012,Station,KA-KLP,17.631743,77.329088,Chittapur PS-13
STN-KA-KLP-0013,Station,KA-KLP,17.356814,77.00719,Chittapur PS-14
STN-KA-KLP-0014,Station,KA-KLP,17.349496,77.14374,Gulbarga PS-15
STN-KA-KLP-0015,Station,KA-KLP,17.361602,77.103945,Gulbarga PS-16
STN-KA-KLP-0016,Station,KA-KLP,17.433941,77.196725,Gulbarga PS-17
STN-KA-KLP-0017,Station,KA-KLP,17.116195,76.95109,Gulbarga PS-18
STN-KA-KLP-0018,Station,KA-KLP,17.665465,76.911203,Sedam PS-19
STN-KA-KLP-0019,Station,KA-KLP,17.573482,76.992838,Sedam PS-20
STN-KA-KLP-0020,Station,KA-KLP,17.652277,77.071213,Sedam PS-21
STN-KA-KLP-0021,Station,KA-KLP,17.300015,76.964402,Sedam PS-22
STN-KA-KLP-0022,Station,KA-KLP,17.559125,77.16458,Shorapur PS-23
STN-KA-KLP-0023,Station,KA-KLP,17.158043,77.340696,Shorapur PS-24
STN-KA-KLP-0024,Station,KA-KLP,17.313093,76.898645,Shorapur PS-25
STN-KA-KLP-0025,Station,KA-KLP,17.407878,76.785312,Shorapur PS-26
STN-KA-KLP-0026,Station,KA-KLP,17.116106,77.319658,Yadgir PS-27
STN-KA-KLP-0027,Station,KA-KLP,17.160964,76.670392,Yadgir PS-28
STN-KA-KLP-0028,Station,KA-KLP,17.38954,77.012289,Yadgir PS-29
STN-KA-KLP-0029,Station,KA-KLP,17.209131,77.055042,Yadgir PS-30
STN-KA-DVG-0000,Station,KA-DVG,14.658887,75.852396,Davanagere Rural PS
STN-KA-DVG-0001,Station,KA-DVG,14.67851,76.208779,Davanagere PS-2
STN-KA-DVG-0002,Station,KA-DVG,14.605207,76.188784,Davanagere PS-3
STN-KA-DVG-0003,Station,KA-DVG,14.281133,75.681863,Davanagere PS-4
STN-KA-DVG-0004,Station,KA-DVG,14.245084,76.117882,Davanagere PS-5
STN-KA-DVG-0005,Station,KA-DVG,14.557515,75.683317,Davanagere PS-6
STN-KA-DVG-0006,Station,KA-DVG,14.535205,75.797774,Harihar PS-7
STN-KA-DVG-0007,Station,KA-DVG,14.331996,76.168761,Harihar PS-8
STN-KA-DVG-0008,Station,KA-DVG,14.227397,76.150859,Harihar PS-9
STN-KA-DVG-0009,Station,KA-DVG,14.458791,76.170531,Channagiri PS-10
STN-KA-DVG-0010,Station,KA-DVG,14.26255,75.890396,Channagiri PS-11
STN-KA-DVG-0011,Station,KA-DVG,14.330076,75.792199,Channagiri PS-12
STN-KA-DVG-0012,Station,KA-DVG,14.76482,75.675816,Harapanahalli PS-13
STN-KA-DVG-0013,Station,KA-DVG,14.45205,75.868766,Harapanahalli PS-14
STN-KA-DVG-0014,Station,KA-DVG,14.289511,75.973371,Harapanahalli PS-15
STN-KA-DVG-0015,Station,KA-DVG,14.604487,75.641994,Jagalur PS-16
STN-KA-DVG-0016,Station,KA-DVG,14.483075,75.825109,Jagalur PS-17
STN-KA-DVG-0017,Station,KA-DVG,14.67901,76.270385,Jagalur PS-18
STN-KA-SHV-0000,Station,KA-SHV,14.339814,75.617536,Shivamogga Town PS
STN-KA-SHV-0001,Station,KA-SHV,14.155569,75.015364,Shivamogga PS-2
STN-KA-SHV-0002,Station,KA-SHV,14.124375,74.959718,Shivamogga PS-3
STN-KA-SHV-0003,Station,KA-SHV,14.031021,75.489603,Bhadravati PS-4
STN-KA-SHV-0004,Station,KA-SHV,13.777525,74.971555,Bhadravati PS-5
STN-KA-SHV-0005,Station,KA-SHV,13.864271,75.253925,Bhadravati PS-6
STN-KA-SHV-0006,Station,KA-SHV,13.74512,75.128502,Tirthahalli PS-7
STN-KA-SHV-0007,Station,KA-SHV,14.013169,75.574563,Tirthahalli PS-8
STN-KA-SHV-0008,Station,KA-SHV,14.046874,75.455612,Tirthahalli PS-9
STN-KA-SHV-0009,Station,KA-SHV,13.82736,75.558464,Soraba PS-10
STN-KA-SHV-0010,Station,KA-SHV,13.88711,75.099757,Soraba PS-11
STN-KA-SHV-0011,Station,KA-SHV,14.341241,75.665236,Soraba PS-12
STN-KA-SHV-0012,Station,KA-SHV,14.232587,75.476851,Sagar PS-13
STN-KA-SHV-0013,Station,KA-SHV,14.142712,75.043544,Sagar PS-14
STN-KA-SHV-0014,Station,KA-SHV,13.790214,75.520007,Sagar PS-15
STN-KA-SHV-0015,Station,KA-SHV,13.963577,75.173004,Hosanagara PS-16
STN-KA-SHV-0016,Station,KA-SHV,14.11897,75.218473,Hosanagara PS-17
STN-KA-SHV-0017,Station,KA-SHV,14.200447,75.440724,Hosanagara PS-18
STN-KA-TKR-0000,Station,KA-TKR,13.040182,77.193604,Tumakuru Rural PS
STN-KA-TKR-0001,Station,KA-TKR,13.864074,76.614639,Tumakuru PS-2
STN-KA-TKR-0002,Station,KA-TKR,13.931795,77.109206,Tumakuru PS-3
STN-KA-TKR-0003,Station,KA-TKR,13.701271,77.132519,Tumakuru PS-4
STN-KA-TKR-0004,Station,KA-TKR,13.695552,76.611204,Tumakuru PS-5
STN-KA-TKR-0005,Station,KA-TKR,13.132546,77.263287,Tumakuru PS-6
STN-KA-TKR-0006,Station,KA-TKR,13.801907,77.203539,Tiptur PS-7
STN-KA-TKR-0007,Station,KA-TKR,13.042975,76.563454,Tiptur PS-8
STN-KA-TKR-0008,Station,KA-TKR,13.594763,77.013328,Gubbi PS-9
STN-KA-TKR-0009,Station,KA-TKR,13.09423,76.652582,Gubbi PS-10
STN-KA-TKR-0010,Station,KA-TKR,13.966297,77.105035,Sira PS-11
STN-KA-TKR-0011,Station,KA-TKR,13.025502,76.979695,Sira PS-12
STN-KA-TKR-0012,Station,KA-TKR,13.311223,76.509973,Pavagada PS-13
STN-KA-TKR-0013,Station,KA-TKR,13.274971,76.520961,Pavagada PS-14
STN-KA-TKR-0014,Station,KA-TKR,13.10351,76.902396,Madhugiri PS-15
STN-KA-TKR-0015,Station,KA-TKR,13.356317,76.94848,Madhugiri PS-16
STN-KA-TKR-0016,Station,KA-TKR,13.647411,76.608041,Chikkanayakanahalli PS-17
STN-KA-TKR-0017,Station,KA-TKR,13.954268,76.729395,Chikkanayakanahalli PS-18
STN-KA-RCR-0000,Station,KA-RCR,16.31918,77.579288,Raichur Rural PS
STN-KA-RCR-0001,Station,KA-RCR,16.444318,77.502393,Raichur PS-2
STN-KA-RCR-0002,Station,KA-RCR,16.039248,77.296025,Raichur PS-3
STN-KA-RCR-0003,Station,KA-RCR,16.427083,77.539432,Raichur PS-4
STN-KA-RCR-0004,Station,KA-RCR,16.257744,77.011227,Raichur PS-5
STN-KA-RCR-0005,Station,KA-RCR,16.235545,76.800794,Raichur PS-6
STN-KA-RCR-0006,Station,KA-RCR,16.07292,77.401059,Manvi PS-7
STN-KA-RCR-0007,Station,KA-RCR,16.159401,77.461372,Manvi PS-8
STN-KA-RCR-0008,Station,KA-RCR,16.34768,76.966916,Manvi PS-9
STN-KA-RCR-0009,Station,KA-RCR,16.412522,77.131222,Devadurga PS-10
STN-KA-RCR-0010,Station,KA-RCR,16.32436,77.590351,Devadurga PS-11
STN-KA-RCR-0011,Station,KA-RCR,16.128564,77.204772,Devadurga PS-12
STN-KA-RCR-0012,Station,KA-RCR,16.377194,76.982637,Lingasugur PS-13
STN-KA-RCR-0013,Station,KA-RCR,16.498589,76.891556,Lingasugur PS-14
STN-KA-RCR-0014,Station,KA-RCR,16.208592,77.368855,Lingasugur PS-15
STN-KA-RCR-0015,Station,KA-RCR,15.98427,77.045642,Sindhanur PS-16
STN-KA-RCR-0016,Station,KA-RCR,16.333487,77.532111,Sindhanur PS-17
STN-KA-RCR-0017,Station,KA-RCR,16.498605,77.495566,Sindhanur PS-18
STN-KA-BDR-0000,Station,KA-BDR,17.697181,76.979061,Bidar Rural PS
STN-KA-BDR-0001,Station,KA-BDR,18.271426,77.35963,Bidar PS-2
STN-KA-BDR-0002,Station,KA-BDR,18.272114,77.338973,Bidar PS-3
STN-KA-BDR-0003,Station,KA-BDR,17.641168,76.846625,Bidar PS-4
STN-KA-BDR-0004,Station,KA-BDR,17.566349,76.942677,Bidar PS-5
STN-KA-BDR-0005,Station,KA-BDR,17.602871,77.141999,Bidar PS-6
STN-KA-BDR-0006,Station,KA-BDR,17.542668,77.464071,Basavakalyan PS-7
STN-KA-BDR-0007,Station,KA-BDR,17.980219,76.883032,Basavakalyan PS-8
STN-KA-BDR-0008,Station,KA-BDR,18.047445,76.854747,Basavakalyan PS-9
STN-KA-BDR-0009,Station,KA-BDR,18.165893,77.457239,Aurad PS-10
STN-KA-BDR-0010,Station,KA-BDR,17.699137,77.438658,Aurad PS-11
STN-KA-BDR-0011,Station,KA-BDR,17.852972,76.990074,Aurad PS-12
STN-KA-BDR-0012,Station,KA-BDR,17.909225,77.205664,Bhalki PS-13
STN-KA-BDR-0013,Station,KA-BDR,17.698952,76.852573,Bhalki PS-14
STN-KA-BDR-0014,Station,KA-BDR,17.893043,77.434012,Bhalki PS-15
STN-KA-BDR-0015,Station,KA-BDR,17.602306,77.114104,Humnabad PS-16
STN-KA-BDR-0016,Station,KA-BDR,17.718793,76.814023,Humnabad PS-17
STN-KA-BDR-0017,Station,KA-BDR,17.610045,77.307665,Humnabad PS-18
STN-KA-VJP-0000,Station,KA-VJP,16.621759,76.222934,Vijayapura Rural PS
STN-KA-VJP-0001,Station,KA-VJP,16.907897,76.185592,Vijayapura PS-2
STN-KA-VJP-0002,Station,KA-VJP,17.093815,75.736268,Vijayapura PS-3
STN-KA-VJP-0003,Station,KA-VJP,16.65701,75.969965,Vijayapura PS-4
STN-KA-VJP-0004,Station,KA-VJP,16.742583,75.611521,Vijayapura PS-5
STN-KA-VJP-0005,Station,KA-VJP,16.924538,76.474442,Vijayapura PS-6
STN-KA-VJP-0006,Station,KA-VJP,17.034057,75.811064,Basavana Bagewadi PS-7
STN-KA-VJP-0007,Station,KA-VJP,17.216863,76.047016,Basavana Bagewadi PS-8
STN-KA-VJP-0008,Station,KA-VJP,16.901352,75.717837,Basavana Bagewadi PS-9
STN-KA-VJP-0009,Station,KA-VJP,17.010277,76.010166,Indi PS-10
STN-KA-VJP-0010,Station,KA-VJP,17.025811,75.677814,Indi PS-11
STN-KA-VJP-0011,Station,KA-VJP,17.015338,76.489078,Indi PS-12
STN-KA-VJP-0012,Station,KA-VJP,16.710718,75.93209,Muddebihal PS-13
STN-KA-VJP-0013,Station,KA-VJP,17.056271,75.58734,Muddebihal PS-14
STN-KA-VJP-0014,Station,KA-VJP,16.89616,75.58068,Muddebihal PS-15
STN-KA-VJP-0015,Station,KA-VJP,16.768684,76.038393,Sindagi PS-16
STN-KA-VJP-0016,Station,KA-VJP,16.983785,75.750609,Sindagi PS-17
STN-KA-VJP-0017,Station,KA-VJP,17.064045,75.980031,Sindagi PS-18
STN-KA-BSD-0000,Station,KA-BSD,16.657244,75.553912,Bagalkote Rural PS
STN-KA-BSD-0001,Station,KA-BSD,16.53523,75.637733,Bagalkote PS-2
STN-KA-BSD-0002,Station,KA-BSD,16.46891,75.295022,Bagalkote PS-3
STN-KA-BSD-0003,Station,KA-BSD,16.325279,75.719367,Bagalkote PS-4
STN-KA-BSD-0004,Station,KA-BSD,16.493618,75.258597,Bagalkote PS-5
STN-KA-BSD-0005,Station,KA-BSD,16.724154,75.436032,Badami PS-6
STN-KA-BSD-0006,Station,KA-BSD,16.662193,75.816648,Bilagi PS-7
STN-KA-BSD-0007,Station,KA-BSD,16.308198,75.997204,Hungund PS-8
STN-KA-BSD-0008,Station,KA-BSD,16.016295,75.602437,Jamkhandi PS-9
STN-KA-BSD-0009,Station,KA-BSD,16.552326,75.54807,Mudhol PS-10
STN-KA-HSN-0000,Station,KA-HSN,12.824424,76.219026,Hassan Town PS
STN-KA-HSN-0001,Station,KA-HSN,13.124104,76.596536,Hassan PS-2
STN-KA-HSN-0002,Station,KA-HSN,12.990589,76.535038,Hassan PS-3
STN-KA-HSN-0003,Station,KA-HSN,13.011484,75.893984,Arsikere PS-4
STN-KA-HSN-0004,Station,KA-HSN,12.736974,76.159045,Arsikere PS-5
STN-KA-HSN-0005,Station,KA-HSN,13.110716,75.945384,Arsikere PS-6
STN-KA-HSN-0006,Station,KA-HSN,12.719654,76.385855,Belur PS-7
STN-KA-HSN-0007,Station,KA-HSN,13.005276,76.374405,Belur PS-8
STN-KA-HSN-0008,Station,KA-HSN,12.74239,75.824385,Belur PS-9
STN-KA-HSN-0009,Station,KA-HSN,13.189302,76.434464,Channarayapatna PS-10
STN-KA-HSN-0010,Station,KA-HSN,13.120006,75.805879,Channarayapatna PS-11
STN-KA-HSN-0011,Station,KA-HSN,12.739166,75.859937,Channarayapatna PS-12
STN-KA-HSN-0012,Station,KA-HSN,12.910179,75.809772,Holenarasipur PS-13
STN-KA-HSN-0013,Station,KA-HSN,13.071806,76.547806,Holenarasipur PS-14
STN-KA-HSN-0014,Station,KA-HSN,13.144868,76.472046,Holenarasipur PS-15
STN-KA-HSN-0015,Station,KA-HSN,13.186958,75.901941,Sakleshpur PS-16
STN-KA-HSN-0016,Station,KA-HSN,12.741009,76.324762,Sakleshpur PS-17
STN-KA-HSN-0017,Station,KA-HSN,13.287285,76.395763,Sakleshpur PS-18
STN-KA-CKM-0000,Station,KA-CKM,13.084848,75.961797,Chikkamagaluru Rural PS
STN-KA-CKM-0001,Station,KA-CKM,13.077122,75.96007,Chikkamagaluru PS-2
STN-KA-CKM-0002,Station,KA-CKM,13.389151,75.999004,Chikkamagaluru PS-3
STN-KA-CKM-0003,Station,KA-CKM,13.026141,75.971245,Chikkamagaluru PS-4
STN-KA-CKM-0004,Station,KA-CKM,13.114218,75.896104,Chikkamagaluru PS-5
STN-KA-CKM-0005,Station,KA-CKM,13.28368,76.014369,Kadur PS-6
STN-KA-CKM-0006,Station,KA-CKM,13.24468,75.87736,Koppa PS-7
STN-KA-CKM-0007,Station,KA-CKM,13.412251,75.810456,Mudigere PS-8
STN-KA-CKM-0008,Station,KA-CKM,13.139308,75.92395,Sringeri PS-9
STN-KA-CKM-0009,Station,KA-CKM,13.120745,76.032225,Tarikere PS-10
STN-KA-KDG-0000,Station,KA-KDG,12.121838,75.935243,Madikeri Rural PS
STN-KA-KDG-0001,Station,KA-KDG,11.968944,76.129415,Madikeri PS-2
STN-KA-KDG-0002,Station,KA-KDG,12.020739,75.659342,Madikeri PS-3
STN-KA-KDG-0003,Station,KA-KDG,12.085409,76.057781,Madikeri PS-4
STN-KA-KDG-0004,Station,KA-KDG,12.244124,75.848863,Somwarpet PS-5
STN-KA-KDG-0005,Station,KA-KDG,12.471494,76.138825,Somwarpet PS-6
STN-KA-KDG-0006,Station,KA-KDG,11.833445,75.987633,Somwarpet PS-7
STN-KA-KDG-0007,Station,KA-KDG,11.867798,76.074533,Virajpete PS-8
STN-KA-KDG-0008,Station,KA-KDG,12.247064,76.110873,Virajpete PS-9
STN-KA-KDG-0009,Station,KA-KDG,12.386529,76.089946,Virajpete PS-10
STN-KA-UDR-0000,Station,KA-UDR,13.372065,74.681616,Udupi Town PS
STN-KA-UDR-0001,Station,KA-UDR,13.398552,74.717086,Udupi PS-2
STN-KA-UDR-0002,Station,KA-UDR,13.332557,74.7204,Udupi PS-3
STN-KA-UDR-0003,Station,KA-UDR,13.681588,74.675745,Udupi PS-4
STN-KA-UDR-0004,Station,KA-UDR,13.24985,74.947553,Udupi PS-5
STN-KA-UDR-0005,Station,KA-UDR,13.28537,74.666819,Udupi PS-6
STN-KA-UDR-0006,Station,KA-UDR,13.471849,75.113945,Udupi PS-7
STN-KA-UDR-0007,Station,KA-UDR,13.665435,75.186504,Udupi PS-8
STN-KA-UDR-0008,Station,KA-UDR,13.347557,74.967137,Udupi PS-9
STN-KA-UDR-0009,Station,KA-UDR,13.567467,74.642096,Kundapura PS-10
STN-KA-UDR-0010,Station,KA-UDR,13.647567,75.00908,Kundapura PS-11
STN-KA-UDR-0011,Station,KA-UDR,13.570277,75.121331,Kundapura PS-12
STN-KA-UDR-0012,Station,KA-UDR,13.759268,74.900997,Kundapura PS-13
STN-KA-UDR-0013,Station,KA-UDR,13.4384,74.602641,Kundapura PS-14
STN-KA-UDR-0014,Station,KA-UDR,13.551186,75.180168,Kundapura PS-15
STN-KA-UDR-0015,Station,KA-UDR,13.308873,74.712519,Kundapura PS-16
STN-KA-UDR-0016,Station,KA-UDR,13.556822,74.861748,Karkala PS-17
STN-KA-UDR-0017,Station,KA-UDR,13.531431,75.028731,Karkala PS-18
STN-KA-UDR-0018,Station,KA-UDR,13.379622,75.009374,Karkala PS-19
STN-KA-UDR-0019,Station,KA-UDR,13.457445,74.836905,Karkala PS-20
STN-KA-UDR-0020,Station,KA-UDR,13.769744,74.877828,Karkala PS-21
STN-KA-UDR-0021,Station,KA-UDR,13.342718,74.865517,Karkala PS-22
STN-KA-UDR-0022,Station,KA-UDR,13.418081,74.689841,Karkala PS-23
STN-KA-UDR-0023,Station,KA-UDR,13.368315,74.865264,Brahmavar PS-24
STN-KA-UDR-0024,Station,KA-UDR,13.72703,75.0261,Brahmavar PS-25
STN-KA-UDR-0025,Station,KA-UDR,13.688941,75.049296,Brahmavar PS-26
STN-KA-UDR-0026,Station,KA-UDR,13.490976,75.029999,Brahmavar PS-27
STN-KA-UDR-0027,Station,KA-UDR,13.312716,75.115006,Brahmavar PS-28
STN-KA-UDR-0028,Station,KA-UDR,13.645093,74.742746,Brahmavar PS-29
STN-KA-UDR-0029,Station,KA-UDR,13.346218,74.741395,Brahmavar PS-30
STN-KA-MDY-0000,Station,KA-MDY,12.547185,76.732551,Mandya Rural PS
STN-KA-MDY-0001,Station,KA-MDY,12.413788,76.959698,Mandya PS-2
STN-KA-MDY-0002,Station,KA-MDY,12.669138,76.609075,Mandya PS-3
STN-KA-MDY-0003,Station,KA-MDY,12.619067,76.602183,Maddur PS-4
STN-KA-MDY-0004,Station,KA-MDY,12.67771,76.817504,Maddur PS-5
STN-KA-MDY-0005,Station,KA-MDY,12.418903,76.947865,Maddur PS-6
STN-KA-MDY-0006,Station,KA-MDY,12.798381,76.579559,Malavalli PS-7
STN-KA-MDY-0007,Station,KA-MDY,12.333292,76.584309,Malavalli PS-8
STN-KA-MDY-0008,Station,KA-MDY,12.506188,76.726375,Malavalli PS-9
STN-KA-MDY-0009,Station,KA-MDY,12.330948,76.966538,Nagamangala PS-10
STN-KA-MDY-0010,Station,KA-MDY,12.633369,76.84469,Nagamangala PS-11
STN-KA-MDY-0011,Station,KA-MDY,12.472849,76.754994,Nagamangala PS-12
STN-KA-MDY-0012,Station,KA-MDY,12.603689,76.811315,Pandavapura PS-13
STN-KA-MDY-0013,Station,KA-MDY,12.405111,76.609752,Pandavapura PS-14
STN-KA-MDY-0014,Station,KA-MDY,12.857655,76.665589,Pandavapura PS-15
STN-KA-MDY-0015,Station,KA-MDY,12.302235,76.662376,Shrirangapattana PS-16
STN-KA-MDY-0016,Station,KA-MDY,12.747769,76.562075,Shrirangapattana PS-17
STN-KA-MDY-0017,Station,KA-MDY,12.616989,76.828946,Shrirangapattana PS-18
STN-KA-CHT-0000,Station,KA-CHT,12.108967,76.622409,Chamarajanagara Rural PS
STN-KA-CHT-0001,Station,KA-CHT,11.975506,76.670124,Chamarajanagara PS-2
STN-KA-CHT-0002,Station,KA-CHT,11.969239,76.875114,Chamarajanagara PS-3
STN-KA-CHT-0003,Station,KA-CHT,11.702669,76.692974,Chamarajanagara PS-4
STN-KA-CHT-0004,Station,KA-CHT,12.038897,76.638708,Gundlupete PS-5
STN-KA-CHT-0005,Station,KA-CHT,11.737284,76.758121,Gundlupete PS-6
STN-KA-CHT-0006,Station,KA-CHT,12.231398,76.868468,Hanur PS-7
STN-KA-CHT-0007,Station,KA-CHT,12.153881,77.077339,Hanur PS-8
STN-KA-CHT-0008,Station,KA-CHT,12.032895,76.807131,Yelandur PS-9
STN-KA-CHT-0009,Station,KA-CHT,11.755535,77.05402,Yelandur PS-10
STN-KA-KLR-0000,Station,KA-KLR,12.925456,78.17348,Kolar Town PS
STN-KA-KLR-0001,Station,KA-KLR,12.820577,78.072636,Kolar PS-2
STN-KA-KLR-0002,Station,KA-KLR,13.187802,78.347532,Kolar PS-3
STN-KA-KLR-0003,Station,KA-KLR,13.174369,78.333089,Kolar PS-4
STN-KA-KLR-0004,Station,KA-KLR,13.209539,78.322303,Kolar PS-5
STN-KA-KLR-0005,Station,KA-KLR,13.298513,78.01511,Kolar PS-6
STN-KA-KLR-0006,Station,KA-KLR,12.894473,78.118993,Bangarpet PS-7
STN-KA-KLR-0007,Station,KA-KLR,13.005822,78.15609,Bangarpet PS-8
STN-KA-KLR-0008,Station,KA-KLR,12.881708,78.113253,Bangarpet PS-9
STN-KA-KLR-0009,Station,KA-KLR,12.976703,78.192397,Malur PS-10
STN-KA-KLR-0010,Station,KA-KLR,13.021457,78.329016,Malur PS-11
STN-KA-KLR-0011,Station,KA-KLR,13.16938,78.480265,Malur PS-12
STN-KA-KLR-0012,Station,KA-KLR,13.0652,78.089123,Mulbagal PS-13
STN-KA-KLR-0013,Station,KA-KLR,12.870697,78.25919,Mulbagal PS-14
STN-KA-KLR-0014,Station,KA-KLR,13.299432,78.012963,Mulbagal PS-15
STN-KA-KLR-0015,Station,KA-KLR,13.131619,78.118571,Srinivaspur PS-16
STN-KA-KLR-0016,Station,KA-KLR,13.113024,78.43745,Srinivaspur PS-17
STN-KA-KLR-0017,Station,KA-KLR,13.290556,78.088022,Srinivaspur PS-18
STN-KA-CHB-0000,Station,KA-CHB,13.418907,78.168197,Chikkaballapura Rural PS
STN-KA-CHB-0001,Station,KA-CHB,13.300631,78.173271,Chikkaballapura PS-2
STN-KA-CHB-0002,Station,KA-CHB,13.338609,77.745161,Chikkaballapura PS-3
STN-KA-CHB-0003,Station,KA-CHB,13.40481,78.152922,Bagepalli PS-4
STN-KA-CHB-0004,Station,KA-CHB,13.376897,78.187562,Bagepalli PS-5
STN-KA-CHB-0005,Station,KA-CHB,13.476773,77.84267,Bagepalli PS-6
STN-KA-CHB-0006,Station,KA-CHB,13.584998,77.872159,Chintamani PS-7
STN-KA-CHB-0007,Station,KA-CHB,13.726533,77.700826,Chintamani PS-8
STN-KA-CHB-0008,Station,KA-CHB,13.668738,77.507279,Chintamani PS-9
STN-KA-CHB-0009,Station,KA-CHB,13.701217,77.683801,Gauribidanur PS-10
STN-KA-CHB-0010,Station,KA-CHB,13.348759,77.804223,Gauribidanur PS-11
STN-KA-CHB-0011,Station,KA-CHB,13.748035,77.792972,Gauribidanur PS-12
STN-KA-CHB-0012,Station,KA-CHB,13.82131,77.753179,Gudibande PS-13
STN-KA-CHB-0013,Station,KA-CHB,13.650429,77.794398,Gudibande PS-14
STN-KA-CHB-0014,Station,KA-CHB,13.474659,77.586723,Gudibande PS-15
STN-KA-CHB-0015,Station,KA-CHB,13.803582,77.540336,Sidlaghatta PS-16
STN-KA-CHB-0016,Station,KA-CHB,13.360198,78.034371,Sidlaghatta PS-17
STN-KA-CHB-0017,Station,KA-CHB,13.83184,77.976576,Sidlaghatta PS-18
STN-KA-RMN-0000,Station,KA-RMN,12.948471,77.54003,Ramanagara Rural PS
STN-KA-RMN-0001,Station,KA-RMN,12.804744,77.271435,Ramanagara PS-2
STN-KA-RMN-0002,Station,KA-RMN,12.808154,77.37578,Ramanagara PS-3
STN-KA-RMN-0003,Station,KA-RMN,12.543811,77.697763,Ramanagara PS-4
STN-KA-RMN-0004,Station,KA-RMN,12.845352,77.266226,Ramanagara PS-5
STN-KA-RMN-0005,Station,KA-RMN,12.782177,77.45438,Ramanagara PS-6
STN-KA-RMN-0006,Station,KA-RMN,12.896899,77.350124,Channapatna PS-7
STN-KA-RMN-0007,Station,KA-RMN,12.624086,77.462693,Channapatna PS-8
STN-KA-RMN-0008,Station,KA-RMN,12.59922,77.388497,Channapatna PS-9
STN-KA-RMN-0009,Station,KA-RMN,12.9318,77.211849,Channapatna PS-10
STN-KA-RMN-0010,Station,KA-RMN,12.867217,77.536513,Kanakapura PS-11
STN-KA-RMN-0011,Station,KA-RMN,12.738895,77.503693,Kanakapura PS-12
STN-KA-RMN-0012,Station,KA-RMN,12.579025,77.621381,Kanakapura PS-13
STN-KA-RMN-0013,Station,KA-RMN,12.530565,77.616623,Kanakapura PS-14
STN-KA-RMN-0014,Station,KA-RMN,12.552399,77.464505,Magadi PS-15
STN-KA-RMN-0015,Station,KA-RMN,12.651172,77.480747,Magadi PS-16
STN-KA-RMN-0016,Station,KA-RMN,12.776331,77.319905,Magadi PS-17
STN-KA-RMN-0017,Station,KA-RMN,12.833714,77.384186,Magadi PS-18
STN-KA-GBG-0000,Station,KA-GBG,15.354431,75.408661,Gadag Rural PS
STN-KA-GBG-0001,Station,KA-GBG,15.223402,75.721267,Gadag PS-2
STN-KA-GBG-0002,Station,KA-GBG,15.368272,75.800257,Ron PS-3
STN-KA-GBG-0003,Station,KA-GBG,15.38814,75.748407,Ron PS-4
STN-KA-GBG-0004,Station,KA-GBG,15.627074,75.869701,Shirhatti PS-5
STN-KA-GBG-0005,Station,KA-GBG,15.674386,75.987386,Shirhatti PS-6
STN-KA-GBG-0006,Station,KA-GBG,15.427992,75.474666,Mundargi PS-7
STN-KA-GBG-0007,Station,KA-GBG,15.698334,75.717215,Mundargi PS-8
STN-KA-GBG-0008,Station,KA-GBG,15.219113,75.480501,Nargund PS-9
STN-KA-GBG-0009,Station,KA-GBG,15.313098,75.573281,Nargund PS-10
STN-KA-HVR-0000,Station,KA-HVR,14.913695,75.115137,Haveri Rural PS
STN-KA-HVR-0001,Station,KA-HVR,14.469888,75.369757,Haveri PS-2
STN-KA-HVR-0002,Station,KA-HVR,14.901097,75.257777,Haveri PS-3
STN-KA-HVR-0003,Station,KA-HVR,14.857603,75.232023,Haveri PS-4
STN-KA-HVR-0004,Station,KA-HVR,14.403252,75.320881,Haveri PS-5
STN-KA-HVR-0005,Station,KA-HVR,14.667021,75.113584,Byadagi PS-6
STN-KA-HVR-0006,Station,KA-HVR,14.832577,75.215073,Hanagal PS-7
STN-KA-HVR-0007,Station,KA-HVR,14.742323,75.534945,Hirekerur PS-8
STN-KA-HVR-0008,Station,KA-HVR,14.994375,75.424067,Ranebennur PS-9
STN-KA-HVR-0009,Station,KA-HVR,14.557524,75.373725,Shiggaon PS-10
STN-KA-KPT-0000,Station,KA-KPT,15.793862,76.303552,Koppal Rural PS
STN-KA-KPT-0001,Station,KA-KPT,15.64999,76.229193,Koppal PS-2
STN-KA-KPT-0002,Station,KA-KPT,15.287561,76.30585,Koppal PS-3
STN-KA-KPT-0003,Station,KA-KPT,15.245054,76.252449,Koppal PS-4
STN-KA-KPT-0004,Station,KA-KPT,15.778113,76.369754,Gangavathi PS-5
STN-KA-KPT-0005,Station,KA-KPT,15.347197,76.530949,Gangavathi PS-6
STN-KA-KPT-0006,Station,KA-KPT,15.332775,76.356231,Kushtagi PS-7
STN-KA-KPT-0007,Station,KA-KPT,15.251984,76.503178,Kushtagi PS-8
STN-KA-KPT-0008,Station,KA-KPT,15.67761,76.482697,Yelburga PS-9
STN-KA-KPT-0009,Station,KA-KPT,15.709169,76.209638,Yelburga PS-10
STN-KA-YDG-0000,Station,KA-YDG,16.660196,76.661631,Yadgir Town PS
STN-KA-YDG-0001,Station,KA-YDG,16.874567,76.856447,Yadgir PS-2
STN-KA-YDG-0002,Station,KA-YDG,16.57107,76.698846,Yadgir PS-3
STN-KA-YDG-0003,Station,KA-YDG,16.599929,76.729725,Yadgir PS-4
STN-KA-YDG-0004,Station,KA-YDG,16.4234,76.887379,Gurmatkal PS-5
STN-KA-YDG-0005,Station,KA-YDG,16.577693,76.994017,Gurmatkal PS-6
STN-KA-YDG-0006,Station,KA-YDG,16.675613,76.723204,Gurmatkal PS-7
STN-KA-YDG-0007,Station,KA-YDG,16.61478,76.636277,Shorapur PS-8
STN-KA-YDG-0008,Station,KA-YDG,16.39449,76.814842,Shorapur PS-9
STN-KA-YDG-0009,Station,KA-YDG,16.536998,76.826695,Shorapur PS-10
STN-KA-VKT-0000,Station,KA-VKT,15.260012,76.146427,Hosapete Town PS
STN-KA-VKT-0001,Station,KA-VKT,15.02772,76.143582,Hosapete PS-2
STN-KA-VKT-0002,Station,KA-VKT,15.013285,76.18918,Hosapete PS-3
STN-KA-VKT-0003,Station,KA-VKT,14.836345,76.35322,Hosapete PS-4
STN-KA-VKT-0004,Station,KA-VKT,15.327247,75.81438,Hosapete PS-5
STN-KA-VKT-0005,Station,KA-VKT,15.269108,76.44039,Hosapete PS-6
STN-KA-VKT-0006,Station,KA-VKT,14.918754,75.925559,Hagaribommanahalli PS-7
STN-KA-VKT-0007,Station,KA-VKT,14.975668,76.039705,Hagaribommanahalli PS-8
STN-KA-VKT-0008,Station,KA-VKT,14.93731,75.886061,Hagaribommanahalli PS-9
STN-KA-VKT-0009,Station,KA-VKT,15.247608,76.305135,Hadagali PS-10
STN-KA-VKT-0010,Station,KA-VKT,14.983785,76.116756,Hadagali PS-11
STN-KA-VKT-0011,Station,KA-VKT,15.225984,76.25163,Hadagali PS-12
STN-KA-VKT-0012,Station,KA-VKT,14.942439,76.135313,Harapanahalli PS-13
STN-KA-VKT-0013,Station,KA-VKT,15.079266,75.971082,Harapanahalli PS-14
STN-KA-VKT-0014,Station,KA-VKT,14.976892,75.876013,Harapanahalli PS-15
STN-KA-VKT-0015,Station,KA-VKT,15.013577,76.36595,Hoovina Hadagali PS-16
STN-KA-VKT-0016,Station,KA-VKT,14.848371,76.416593,Hoovina Hadagali PS-17
STN-KA-VKT-0017,Station,KA-VKT,15.071226,76.239762,Hoovina Hadagali PS-18
STN-KA-CTV-0000,Station,KA-CTV,14.276917,76.739802,Chitradurga Rural PS
STN-KA-CTV-0001,Station,KA-CTV,14.376997,76.373056,Chitradurga PS-2
STN-KA-CTV-0002,Station,KA-CTV,14.357338,76.794479,Chitradurga PS-3
STN-KA-CTV-0003,Station,KA-CTV,13.95879,77.003139,Challakere PS-4
STN-KA-CTV-0004,Station,KA-CTV,14.022395,76.612637,Challakere PS-5
STN-KA-CTV-0005,Station,KA-CTV,14.739171,76.865905,Challakere PS-6
STN-KA-CTV-0006,Station,KA-CTV,14.175131,76.876716,Hiriyur PS-7
STN-KA-CTV-0007,Station,KA-CTV,14.231894,76.738713,Hiriyur PS-8
STN-KA-CTV-0008,Station,KA-CTV,14.170983,76.899653,Hiriyur PS-9
STN-KA-CTV-0009,Station,KA-CTV,14.577888,76.485524,Holalkere PS-10
STN-KA-CTV-0010,Station,KA-CTV,14.285172,76.55544,Holalkere PS-11
STN-KA-CTV-0011,Station,KA-CTV,14.619253,76.88243,Holalkere PS-12
STN-KA-CTV-0012,Station,KA-CTV,14.058102,76.566527,Hosadurga PS-13
STN-KA-CTV-0013,Station,KA-CTV,14.185792,76.504277,Hosadurga PS-14
STN-KA-CTV-0014,Station,KA-CTV,13.933402,76.716934,Hosadurga PS-15
STN-KA-CTV-0015,Station,KA-CTV,14.062327,76.250324,Molakalmuru PS-16
STN-KA-CTV-0016,Station,KA-CTV,14.31754,76.381637,Molakalmuru PS-17
STN-KA-CTV-0017,Station,KA-CTV,14.012345,76.395686,Molakalmuru PS-18
STN-KA-BLR2-0000,Station,KA-BLR2,15.253806,76.806533,Ballari Town PS
STN-KA-BLR2-0001,Station,KA-BLR2,15.44146,77.156118,Ballari PS-2
STN-KA-BLR2-0002,Station,KA-BLR2,14.89912,77.148398,Ballari PS-3
STN-KA-BLR2-0003,Station,KA-BLR2,15.44676,77.191138,Ballari PS-4
STN-KA-BLR2-0004,Station,KA-BLR2,15.275655,77.025823,Ballari PS-5
STN-KA-BLR2-0005,Station,KA-BLR2,15.378457,76.901732,Ballari PS-6
STN-KA-BLR2-0006,Station,KA-BLR2,15.277264,76.76784,Ballari PS-7
STN-KA-BLR2-0007,Station,KA-BLR2,15.181776,76.701746,Ballari PS-8
STN-KA-BLR2-0008,Station,KA-BLR2,14.938558,76.918347,Ballari PS-9
STN-KA-BLR2-0009,Station,KA-BLR2,15.36413,77.17817,Hagaribommanahalli PS-10
STN-KA-BLR2-0010,Station,KA-BLR2,15.006122,77.134869,Hagaribommanahalli PS-11
STN-KA-BLR2-0011,Station,KA-BLR2,15.22286,77.123114,Hagaribommanahalli PS-12
STN-KA-BLR2-0012,Station,KA-BLR2,15.574042,76.767079,Hagaribommanahalli PS-13
STN-KA-BLR2-0013,Station,KA-BLR2,15.000849,76.92848,Hagaribommanahalli PS-14
STN-KA-BLR2-0014,Station,KA-BLR2,15.54127,76.962123,Hagaribommanahalli PS-15
STN-KA-BLR2-0015,Station,KA-BLR2,14.976977,76.7584,Hagaribommanahalli PS-16
STN-KA-BLR2-0016,Station,KA-BLR2,14.849463,76.763738,Sandur PS-17
STN-KA-BLR2-0017,Station,KA-BLR2,15.16945,76.659419,Sandur PS-18
STN-KA-BLR2-0018,Station,KA-BLR2,15.017252,76.626784,Sandur PS-19
STN-KA-BLR2-0019,Station,KA-BLR2,14.808196,76.737623,Sandur PS-20
STN-KA-BLR2-0020,Station,KA-BLR2,15.267514,76.975379,Sandur PS-21
STN-KA-BLR2-0021,Station,KA-BLR2,15.494753,76.703586,Sandur PS-22
STN-KA-BLR2-0022,Station,KA-BLR2,15.341419,76.595179,Sandur PS-23
STN-KA-BLR2-0023,Station,KA-BLR2,15.411042,77.009809,Siruguppa PS-24
STN-KA-BLR2-0024,Station,KA-BLR2,14.932368,76.910446,Siruguppa PS-25
STN-KA-BLR2-0025,Station,KA-BLR2,15.236269,77.014812,Siruguppa PS-26
STN-KA-BLR2-0026,Station,KA-BLR2,15.085462,76.547106,Siruguppa PS-27
STN-KA-BLR2-0027,Station,KA-BLR2,15.564787,76.591469,Siruguppa PS-28
STN-KA-BLR2-0028,Station,KA-BLR2,14.832422,76.621556,Siruguppa PS-29
STN-KA-BLR2-0029,Station,KA-BLR2,14.95652,76.649697,Siruguppa PS-30
STN-KA-RBG-0000,Station,KA-RBG,15.288826,74.918062,Dharwad Town PS
STN-KA-RBG-0001,Station,KA-RBG,15.528026,75.079264,Dharwad PS-2
STN-KA-RBG-0002,Station,KA-RBG,15.219544,75.068982,Dharwad PS-3
STN-KA-RBG-0003,Station,KA-RBG,15.451564,75.347748,Dharwad PS-4
STN-KA-RBG-0004,Station,KA-RBG,15.49591,75.231195,Dharwad PS-5
STN-KA-RBG-0005,Station,KA-RBG,15.306837,75.297359,Dharwad PS-6
STN-KA-RBG-0006,Station,KA-RBG,15.390851,75.118793,Dharwad PS-7
STN-KA-RBG-0007,Station,KA-RBG,15.269005,75.321621,Dharwad PS-8
STN-KA-RBG-0008,Station,KA-RBG,15.371503,74.966076,Dharwad PS-9
STN-KA-RBG-0009,Station,KA-RBG,15.560767,75.12809,Hubballi PS-10
STN-KA-RBG-0010,Station,KA-RBG,15.263059,75.371768,Hubballi PS-11
STN-KA-RBG-0011,Station,KA-RBG,15.529349,74.910525,Hubballi PS-12
STN-KA-RBG-0012,Station,KA-RBG,15.258357,74.847532,Hubballi PS-13
STN-KA-RBG-0013,Station,KA-RBG,15.251415,74.820676,Hubballi PS-14
STN-KA-RBG-0014,Station,KA-RBG,15.507736,75.122411,Hubballi PS-15
STN-KA-RBG-0015,Station,KA-RBG,15.494906,74.857095,Hubballi PS-16
STN-KA-RBG-0016,Station,KA-RBG,15.398562,75.249251,Kalghatagi PS-17
STN-KA-RBG-0017,Station,KA-RBG,15.37366,74.853711,Kalghatagi PS-18
STN-KA-RBG-0018,Station,KA-RBG,15.34777,75.083612,Kalghatagi PS-19
STN-KA-RBG-0019,Station,KA-RBG,15.46125,75.089266,Kalghatagi PS-20
STN-KA-RBG-0020,Station,KA-RBG,15.525588,75.012085,Kalghatagi PS-21
STN-KA-RBG-0021,Station,KA-RBG,15.507527,74.976155,Kalghatagi PS-22
STN-KA-RBG-0022,Station,KA-RBG,15.49751,74.999347,Kalghatagi PS-23
STN-KA-RBG-0023,Station,KA-RBG,15.53931,75.172911,Navalgund PS-24
STN-KA-RBG-0024,Station,KA-RBG,15.207878,74.835497,Navalgund PS-25
STN-KA-RBG-0025,Station,KA-RBG,15.234852,75.034768,Navalgund PS-26
STN-KA-RBG-0026,Station,KA-RBG,15.590451,75.130473,Navalgund PS-27
STN-KA-RBG-0027,Station,KA-RBG,15.567813,74.979483,Navalgund PS-28
STN-KA-RBG-0028,Station,KA-RBG,15.453552,75.343709,Navalgund PS-29
STN-KA-RBG-0029,Station,KA-RBG,15.346788,74.955123,Navalgund PS-30
