anpr_id,latitude,longitude,district_id,station_id
ANPR-0000,13.15611,77.47252,KA-BLR,STN-KA-BLR-0000
ANPR-0001,13.0666,77.68187,KA-BLR,STN-KA-BLR-0001
ANPR-0002,13.00355,77.72622,KA-BLR,STN-KA-BLR-0001
ANPR-0003,13.18042,77.50003,KA-BLR,STN-KA-BLR-0002
ANPR-0004,12.92277,77.69306,KA-BLR,STN-KA-BLR-0003
ANPR-0005,12.95838,77.70081,KA-BLR,STN-KA-BLR-0003
ANPR-0006,12.90003,77.77915,KA-BLR,STN-KA-BLR-0003
ANPR-0007,13.10418,77.57458,KA-BLR,STN-KA-BLR-0004
ANPR-0008,13.09025,77.57732,KA-BLR,STN-KA-BLR-0004
ANPR-0009,13.14138,77.60324,KA-BLR,STN-KA-BLR-0004
ANPR-0010,12.94169,77.38325,KA-BLR,STN-KA-BLR-0005
ANPR-0011,12.88334,77.46062,KA-BLR,STN-KA-BLR-0005
ANPR-0012,12.92814,77.3892,KA-BLR,STN-KA-BLR-0005
ANPR-0013,13.08425,77.68992,KA-BLR,STN-KA-BLR-0006
ANPR-0014,13.12296,77.6604,KA-BLR,STN-KA-BLR-0006
ANPR-0015,13.10817,77.66103,KA-BLR,STN-KA-BLR-0006
ANPR-0016,13.0848,77.59827,KA-BLR,STN-KA-BLR-0007
ANPR-0017,13.11924,77.57064,KA-BLR,STN-KA-BLR-0007
ANPR-0018,13.20252,77.75302,KA-BLR,STN-KA-BLR-0008
ANPR-0019,13.16505,77.71402,KA-BLR,STN-KA-BLR-0008
ANPR-0020,13.10149,77.71633,KA-BLR,STN-KA-BLR-0009
ANPR-0021,12.8211,77.4727,KA-BLR,STN-KA-BLR-0010
ANPR-0022,12.86197,77.43699,KA-BLR,STN-KA-BLR-0010
ANPR-0023,12.82106,77.44277,KA-BLR,STN-KA-BLR-0010
ANPR-0024,12.83026,77.54657,KA-BLR,STN-KA-BLR-0011
ANPR-0025,12.80299,77.63745,KA-BLR,STN-KA-BLR-0011
ANPR-0026,13.15584,77.46933,KA-BLR,STN-KA-BLR-0012
ANPR-0027,13.1667,77.43457,KA-BLR,STN-KA-BLR-0012
ANPR-0028,13.20314,77.48962,KA-BLR,STN-KA-BLR-0012
ANPR-0029,12.78174,77.6701,KA-BLR,STN-KA-BLR-0013
ANPR-0030,12.83249,77.60027,KA-BLR,STN-KA-BLR-0014
ANPR-0031,12.81931,77.56885,KA-BLR,STN-KA-BLR-0014
ANPR-0032,12.79409,77.71373,KA-BLR,STN-KA-BLR-0015
ANPR-0033,12.91013,77.67029,KA-BLR,STN-KA-BLR-0016
ANPR-0034,12.9155,77.70189,KA-BLR,STN-KA-BLR-0016
ANPR-0035,12.94946,77.67616,KA-BLR,STN-KA-BLR-0016
ANPR-0036,12.99752,77.44204,KA-BLR,STN-KA-BLR-0017
ANPR-0037,12.98835,77.50899,KA-BLR,STN-KA-BLR-0017
ANPR-0038,13.02819,77.45549,KA-BLR,STN-KA-BLR-0017
ANPR-0039,13.14708,77.5136,KA-BLR,STN-KA-BLR-0018
ANPR-0040,13.1227,77.56237,KA-BLR,STN-KA-BLR-0019
ANPR-0041,13.10808,77.59216,KA-BLR,STN-KA-BLR-0019
ANPR-0042,13.09562,77.61504,KA-BLR,STN-KA-BLR-0019
ANPR-0043,13.01373,77.53548,KA-BLR,STN-KA-BLR-0020
ANPR-0044,12.93898,77.51599,KA-BLR,STN-KA-BLR-0020
ANPR-0045,13.00902,77.52463,KA-BLR,STN-KA-BLR-0020
ANPR-0046,13.08221,77.47477,KA-BLR,STN-KA-BLR-0021
ANPR-0047,12.90855,77.45589,KA-BLR,STN-KA-BLR-0022
ANPR-0048,12.88324,77.45077,KA-BLR,STN-KA-BLR-0022
ANPR-0049,12.84312,77.37392,KA-BLR,STN-KA-BLR-0022
ANPR-0050,12.90503,77.63946,KA-BLR,STN-KA-BLR-0023
ANPR-0051,12.92361,77.64106,KA-BLR,STN-KA-BLR-0023
ANPR-0052,13.1129,77.81484,KA-BLR,STN-KA-BLR-0024
ANPR-0053,13.12072,77.8049,KA-BLR,STN-KA-BLR-0024
ANPR-0054,13.07692,77.48447,KA-BLR,STN-KA-BLR-0025
ANPR-0055,13.08252,77.54158,KA-BLR,STN-KA-BLR-0025
ANPR-0056,13.20215,77.741,KA-BLR,STN-KA-BLR-0026
ANPR-0057,13.15731,77.77001,KA-BLR,STN-KA-BLR-0026
ANPR-0058,13.21565,77.79049,KA-BLR,STN-KA-BLR-0026
ANPR-0059,12.85275,77.71962,KA-BLR,STN-KA-BLR-0027
ANPR-0060,13.07641,77.7135,KA-BLR,STN-KA-BLR-0028
ANPR-0061,13.02526,77.70262,KA-BLR,STN-KA-BLR-0028
ANPR-0062,13.06809,77.72811,KA-BLR,STN-KA-BLR-0028
ANPR-0063,13.0043,77.66398,KA-BLR,STN-KA-BLR-0029
ANPR-0064,13.01259,77.73267,KA-BLR,STN-KA-BLR-0029
ANPR-0065,12.99975,77.70049,KA-BLR,STN-KA-BLR-0029
ANPR-0066,13.0835,77.54028,KA-BLR,STN-KA-BLR-0030
ANPR-0067,13.09677,77.51639,KA-BLR,STN-KA-BLR-0030
ANPR-0068,13.06707,77.58187,KA-BLR,STN-KA-BLR-0031
ANPR-0069,12.84318,77.62635,KA-BLR,STN-KA-BLR-0032
ANPR-0070,12.80127,77.62347,KA-BLR,STN-KA-BLR-0032
ANPR-0071,12.84941,77.80549,KA-BLR,STN-KA-BLR-0033
ANPR-0072,12.83355,77.79574,KA-BLR,STN-KA-BLR-0033
ANPR-0073,12.94421,77.43203,KA-BLR,STN-KA-BLR-0034
ANPR-0074,12.86309,77.44634,KA-BLR,STN-KA-BLR-0034
ANPR-0075,12.89551,77.48967,KA-BLR,STN-KA-BLR-0034
ANPR-0076,13.09169,77.3962,KA-BLR,STN-KA-BLR-0035
ANPR-0077,13.13481,77.43599,KA-BLR,STN-KA-BLR-0035
ANPR-0078,13.07244,77.74337,KA-BLR,STN-KA-BLR-0036
ANPR-0079,13.02723,77.74342,KA-BLR,STN-KA-BLR-0036
ANPR-0080,13.09686,77.72882,KA-BLR,STN-KA-BLR-0036
ANPR-0081,13.16859,77.67649,KA-BLR,STN-KA-BLR-0037
ANPR-0082,12.88574,77.58567,KA-BLR,STN-KA-BLR-0038
ANPR-0083,12.93213,77.53219,KA-BLR,STN-KA-BLR-0039
ANPR-0084,12.96853,77.61408,KA-BLR,STN-KA-BLR-0039
ANPR-0085,12.92212,77.61844,KA-BLR,STN-KA-BLR-0040
ANPR-0086,12.91082,77.64029,KA-BLR,STN-KA-BLR-0040
ANPR-0087,12.98185,77.70879,KA-BLR,STN-KA-BLR-0041
ANPR-0088,13.01782,77.71843,KA-BLR,STN-KA-BLR-0041
ANPR-0089,12.95662,77.64482,KA-BLR,STN-KA-BLR-0041
ANPR-0090,13.09645,77.43554,KA-BLR,STN-KA-BLR-0042
ANPR-0091,12.99789,77.43657,KA-BLR,STN-KA-BLR-0043
ANPR-0092,13.01087,77.40355,KA-BLR,STN-KA-BLR-0043
ANPR-0093,12.90628,77.59824,KA-BLR,STN-KA-BLR-0044
ANPR-0094,12.85339,77.66765,KA-BLR,STN-KA-BLR-0045
ANPR-0095,12.81615,77.67892,KA-BLR,STN-KA-BLR-0045
ANPR-0096,12.82082,77.7433,KA-BLR,STN-KA-BLR-0045
ANPR-0097,12.98809,77.38472,KA-BLR,STN-KA-BLR-0046
ANPR-0098,13.02334,77.44387,KA-BLR,STN-KA-BLR-0046
ANPR-0099,13.15173,77.54533,KA-BLR,STN-KA-BLR-0047
ANPR-0100,12.97995,77.7464,KA-BLR,STN-KA-BLR-0048
ANPR-0101,12.95176,77.65689,KA-BLR,STN-KA-BLR-0049
ANPR-0102,12.89399,77.67116,KA-BLR,STN-KA-BLR-0049
ANPR-0103,12.87544,77.64106,KA-BLR,STN-KA-BLR-0049
ANPR-0104,12.88931,77.64452,KA-BLR,STN-KA-BLR-0050
ANPR-0105,12.83457,77.72379,KA-BLR,STN-KA-BLR-0050
ANPR-0106,12.79609,77.67345,KA-BLR,STN-KA-BLR-0050
ANPR-0107,12.83342,77.72766,KA-BLR,STN-KA-BLR-0051
ANPR-0108,12.77876,77.73569,KA-BLR,STN-KA-BLR-0051
ANPR-0109,12.8184,77.73277,KA-BLR,STN-KA-BLR-0051
ANPR-0110,13.09919,77.39879,KA-BLR,STN-KA-BLR-0052
ANPR-0111,12.93973,77.6905,KA-BLR,STN-KA-BLR-0053
ANPR-0112,12.87954,77.63626,KA-BLR,STN-KA-BLR-0053
ANPR-0113,12.86422,77.64631,KA-BLR,STN-KA-BLR-0053
ANPR-0114,12.98141,77.78326,KA-BLR,STN-KA-BLR-0054
ANPR-0115,13.21779,77.5366,KA-BLR,STN-KA-BLR-0055
ANPR-0116,13.19925,77.50882,KA-BLR,STN-KA-BLR-0055
ANPR-0117,12.95195,77.40422,KA-BLR,STN-KA-BLR-0056
ANPR-0118,12.98245,77.39054,KA-BLR,STN-KA-BLR-0056
ANPR-0119,12.9179,77.40125,KA-BLR,STN-KA-BLR-0056
ANPR-0120,13.19536,77.49997,KA-BLR,STN-KA-BLR-0057
ANPR-0121,13.15956,77.48598,KA-BLR,STN-KA-BLR-0057
ANPR-0122,13.13315,77.47659,KA-BLR,STN-KA-BLR-0058
ANPR-0123,13.10812,77.47594,KA-BLR,STN-KA-BLR-0058
ANPR-0124,13.16797,77.47526,KA-BLR,STN-KA-BLR-0058
ANPR-0125,12.85622,77.6132,KA-BLR,STN-KA-BLR-0059
ANPR-0126,12.94232,77.46529,KA-BLR-R,STN-KA-BLR-R-0000
ANPR-0127,13.12683,77.33327,KA-BLR-R,STN-KA-BLR-R-0001
ANPR-0128,13.19735,77.3138,KA-BLR-R,STN-KA-BLR-R-0001
ANPR-0129,13.09262,77.39378,KA-BLR-R,STN-KA-BLR-R-0002
ANPR-0130,13.0975,77.43281,KA-BLR-R,STN-KA-BLR-R-0002
ANPR-0131,13.00416,77.69482,KA-BLR-R,STN-KA-BLR-R-0003
ANPR-0132,12.94865,77.70001,KA-BLR-R,STN-KA-BLR-R-0003
ANPR-0133,13.40167,77.59211,KA-BLR-R,STN-KA-BLR-R-0004
ANPR-0134,13.08838,77.58019,KA-BLR-R,STN-KA-BLR-R-0005
ANPR-0135,13.04955,77.59647,KA-BLR-R,STN-KA-BLR-R-0005
ANPR-0136,13.33643,77.62269,KA-BLR-R,STN-KA-BLR-R-0006
ANPR-0137,13.3587,77.62597,KA-BLR-R,STN-KA-BLR-R-0006
ANPR-0138,13.30753,77.54567,KA-BLR-R,STN-KA-BLR-R-0006
ANPR-0139,12.87504,77.69129,KA-BLR-R,STN-KA-BLR-R-0007
ANPR-0140,12.86815,77.72578,KA-BLR-R,STN-KA-BLR-R-0007
ANPR-0141,12.91903,77.65102,KA-BLR-R,STN-KA-BLR-R-0007
ANPR-0142,13.31638,77.64995,KA-BLR-R,STN-KA-BLR-R-0008
ANPR-0143,13.34104,77.67152,KA-BLR-R,STN-KA-BLR-R-0008
ANPR-0144,13.33286,77.59811,KA-BLR-R,STN-KA-BLR-R-0008
ANPR-0145,13.21437,77.63532,KA-BLR-R,STN-KA-BLR-R-0009
ANPR-0146,13.23225,77.58972,KA-BLR-R,STN-KA-BLR-R-0009
ANPR-0147,13.24039,77.62642,KA-BLR-R,STN-KA-BLR-R-0009
ANPR-0148,13.29947,77.39687,KA-BLR-R,STN-KA-BLR-R-0010
ANPR-0149,13.31439,77.33448,KA-BLR-R,STN-KA-BLR-R-0010
ANPR-0150,13.3361,77.32127,KA-BLR-R,STN-KA-BLR-R-0010
ANPR-0151,13.18199,77.56061,KA-BLR-R,STN-KA-BLR-R-0011
ANPR-0152,13.2007,77.60015,KA-BLR-R,STN-KA-BLR-R-0011
ANPR-0153,13.20926,77.60067,KA-BLR-R,STN-KA-BLR-R-0011
ANPR-0154,12.89756,77.7123,KA-BLR-R,STN-KA-BLR-R-0012
ANPR-0155,12.9224,77.65297,KA-BLR-R,STN-KA-BLR-R-0012
ANPR-0156,13.20832,77.37062,KA-BLR-R,STN-KA-BLR-R-0013
ANPR-0157,13.18948,77.38528,KA-BLR-R,STN-KA-BLR-R-0013
ANPR-0158,13.38041,77.36372,KA-BLR-R,STN-KA-BLR-R-0014
ANPR-0159,13.45065,77.37052,KA-BLR-R,STN-KA-BLR-R-0014
ANPR-0160,13.40065,77.43109,KA-BLR-R,STN-KA-BLR-R-0014
ANPR-0161,13.01517,77.41312,KA-BLR-R,STN-KA-BLR-R-0015
ANPR-0162,13.20325,77.33397,KA-BLR-R,STN-KA-BLR-R-0016
ANPR-0163,13.26939,77.3566,KA-BLR-R,STN-KA-BLR-R-0016
ANPR-0164,13.195,77.33502,KA-BLR-R,STN-KA-BLR-R-0016
ANPR-0165,13.15311,77.44284,KA-BLR-R,STN-KA-BLR-R-0017
ANPR-0166,12.09285,76.61192,KA-MYS,STN-KA-MYS-0000
ANPR-0167,12.42496,76.94241,KA-MYS,STN-KA-MYS-0001
ANPR-0168,11.87055,76.65485,KA-MYS,STN-KA-MYS-0002
ANPR-0169,11.95092,76.65432,KA-MYS,STN-KA-MYS-0002
ANPR-0170,11.8958,77.13763,KA-MYS,STN-KA-MYS-0003
ANPR-0171,11.9552,77.05236,KA-MYS,STN-KA-MYS-0003
ANPR-0172,12.37419,76.92346,KA-MYS,STN-KA-MYS-0004
ANPR-0173,11.88705,76.73483,KA-MYS,STN-KA-MYS-0005
ANPR-0174,11.95654,76.79075,KA-MYS,STN-KA-MYS-0005
ANPR-0175,11.92136,76.7651,KA-MYS,STN-KA-MYS-0006
ANPR-0176,11.93065,76.77059,KA-MYS,STN-KA-MYS-0006
ANPR-0177,11.91947,76.84013,KA-MYS,STN-KA-MYS-0006
ANPR-0178,12.0518,76.90825,KA-MYS,STN-KA-MYS-0007
ANPR-0179,12.09482,76.9095,KA-MYS,STN-KA-MYS-0007
ANPR-0180,12.01732,76.84137,KA-MYS,STN-KA-MYS-0007
ANPR-0181,11.89496,76.24536,KA-MYS,STN-KA-MYS-0008
ANPR-0182,11.9262,76.26559,KA-MYS,STN-KA-MYS-0008
ANPR-0183,11.857,76.26791,KA-MYS,STN-KA-MYS-0008
ANPR-0184,11.8915,76.41831,KA-MYS,STN-KA-MYS-0009
ANPR-0185,11.92618,76.49144,KA-MYS,STN-KA-MYS-0009
ANPR-0186,11.89362,76.43841,KA-MYS,STN-KA-MYS-0009
ANPR-0187,12.28125,76.44481,KA-MYS,STN-KA-MYS-0010
ANPR-0188,12.01409,76.68203,KA-MYS,STN-KA-MYS-0011
ANPR-0189,12.0025,76.66869,KA-MYS,STN-KA-MYS-0011
ANPR-0190,12.02329,76.64655,KA-MYS,STN-KA-MYS-0011
ANPR-0191,12.35696,76.68152,KA-MYS,STN-KA-MYS-0012
ANPR-0192,12.3649,76.58334,KA-MYS,STN-KA-MYS-0012
ANPR-0193,11.90866,76.2144,KA-MYS,STN-KA-MYS-0013
ANPR-0194,11.91503,76.19315,KA-MYS,STN-KA-MYS-0013
ANPR-0195,12.05786,76.76297,KA-MYS,STN-KA-MYS-0014
ANPR-0196,12.06258,76.74353,KA-MYS,STN-KA-MYS-0014
ANPR-0197,12.09893,76.7782,KA-MYS,STN-KA-MYS-0014
ANPR-0198,11.92639,76.62971,KA-MYS,STN-KA-MYS-0015
ANPR-0199,11.93422,76.59423,KA-MYS,STN-KA-MYS-0015
ANPR-0200,11.87557,76.60661,KA-MYS,STN-KA-MYS-0015
ANPR-0201,12.01737,76.63242,KA-MYS,STN-KA-MYS-0016
ANPR-0202,12.39852,76.61909,KA-MYS,STN-KA-MYS-0017
ANPR-0203,12.31884,76.25235,KA-MYS,STN-KA-MYS-0018
ANPR-0204,12.32398,76.23845,KA-MYS,STN-KA-MYS-0018
ANPR-0205,12.34491,76.26856,KA-MYS,STN-KA-MYS-0018
ANPR-0206,12.27786,76.39237,KA-MYS,STN-KA-MYS-0019
ANPR-0207,11.92589,76.3839,KA-MYS,STN-KA-MYS-0020
ANPR-0208,11.95442,76.3714,KA-MYS,STN-KA-MYS-0020
ANPR-0209,11.91568,76.36622,KA-MYS,STN-KA-MYS-0020
ANPR-0210,11.90944,76.37984,KA-MYS,STN-KA-MYS-0021
ANPR-0211,11.91217,76.41185,KA-MYS,STN-KA-MYS-0021
ANPR-0212,12.16665,76.42958,KA-MYS,STN-KA-MYS-0022
ANPR-0213,12.14009,76.46343,KA-MYS,STN-KA-MYS-0022
ANPR-0214,11.82514,76.22904,KA-MYS,STN-KA-MYS-0023
ANPR-0215,12.2433,76.38376,KA-MYS,STN-KA-MYS-0024
ANPR-0216,12.23245,76.32834,KA-MYS,STN-KA-MYS-0024
ANPR-0217,11.79463,76.54536,KA-MYS,STN-KA-MYS-0025
ANPR-0218,12.44055,76.86412,KA-MYS,STN-KA-MYS-0026
ANPR-0219,12.41264,76.88848,KA-MYS,STN-KA-MYS-0026
ANPR-0220,12.36308,76.87254,KA-MYS,STN-KA-MYS-0026
ANPR-0221,12.46675,76.63375,KA-MYS,STN-KA-MYS-0027
ANPR-0222,12.20064,76.50496,KA-MYS,STN-KA-MYS-0028
ANPR-0223,12.26075,76.67248,KA-MYS,STN-KA-MYS-0029
ANPR-0224,12.26224,76.67846,KA-MYS,STN-KA-MYS-0029
ANPR-0225,12.23284,76.74299,KA-MYS,STN-KA-MYS-0029
ANPR-0226,12.55828,75.35936,KA-MGL,STN-KA-MGL-0000
ANPR-0227,12.83239,75.23596,KA-MGL,STN-KA-MGL-0001
ANPR-0228,12.77084,74.96778,KA-MGL,STN-KA-MGL-0002
ANPR-0229,12.63011,74.87861,KA-MGL,STN-KA-MGL-0003
ANPR-0230,12.90096,75.02241,KA-MGL,STN-KA-MGL-0004
ANPR-0231,12.40785,75.1512,KA-MGL,STN-KA-MGL-0005
ANPR-0232,12.41658,75.20858,KA-MGL,STN-KA-MGL-0006
ANPR-0233,12.39872,75.25643,KA-MGL,STN-KA-MGL-0006
ANPR-0234,12.41019,75.2251,KA-MGL,STN-KA-MGL-0006
ANPR-0235,12.60502,75.40247,KA-MGL,STN-KA-MGL-0007
ANPR-0236,12.62089,75.47329,KA-MGL,STN-KA-MGL-0007
ANPR-0237,12.5651,75.47138,KA-MGL,STN-KA-MGL-0007
ANPR-0238,12.62765,75.08641,KA-MGL,STN-KA-MGL-0008
ANPR-0239,12.60908,75.0734,KA-MGL,STN-KA-MGL-0008
ANPR-0240,12.62483,75.15832,KA-MGL,STN-KA-MGL-0008
ANPR-0241,12.97017,75.37444,KA-MGL,STN-KA-MGL-0009
ANPR-0242,12.68177,75.0494,KA-MGL,STN-KA-MGL-0010
ANPR-0243,12.59051,75.017,KA-MGL,STN-KA-MGL-0010
ANPR-0244,13.0137,74.93589,KA-MGL,STN-KA-MGL-0011
ANPR-0245,12.96836,74.99662,KA-MGL,STN-KA-MGL-0011
ANPR-0246,12.67881,75.23138,KA-MGL,STN-KA-MGL-0012
ANPR-0247,12.76414,75.18937,KA-MGL,STN-KA-MGL-0012
ANPR-0248,12.73567,75.2756,KA-MGL,STN-KA-MGL-0012
ANPR-0249,12.6122,75.37022,KA-MGL,STN-KA-MGL-0013
ANPR-0250,12.60605,75.38287,KA-MGL,STN-KA-MGL-0013
ANPR-0251,12.49195,74.84629,KA-MGL,STN-KA-MGL-0014
ANPR-0252,12.50589,74.85534,KA-MGL,STN-KA-MGL-0014
ANPR-0253,12.53552,74.82813,KA-MGL,STN-KA-MGL-0014
ANPR-0254,12.53462,75.24034,KA-MGL,STN-KA-MGL-0015
ANPR-0255,12.50171,75.20025,KA-MGL,STN-KA-MGL-0015
ANPR-0256,12.76253,75.35468,KA-MGL,STN-KA-MGL-0016
ANPR-0257,12.82229,75.43335,KA-MGL,STN-KA-MGL-0016
ANPR-0258,12.67566,74.9696,KA-MGL,STN-KA-MGL-0017
ANPR-0259,12.7056,74.94174,KA-MGL,STN-KA-MGL-0017
ANPR-0260,12.6709,74.9262,KA-MGL,STN-KA-MGL-0017
ANPR-0261,12.51092,75.0284,KA-MGL,STN-KA-MGL-0018
ANPR-0262,12.47292,75.02958,KA-MGL,STN-KA-MGL-0018
ANPR-0263,12.54116,75.01222,KA-MGL,STN-KA-MGL-0018
ANPR-0264,12.5032,75.13753,KA-MGL,STN-KA-MGL-0019
ANPR-0265,12.48887,75.19679,KA-MGL,STN-KA-MGL-0019
ANPR-0266,12.4387,75.21019,KA-MGL,STN-KA-MGL-0019
ANPR-0267,12.5425,75.09837,KA-MGL,STN-KA-MGL-0020
ANPR-0268,12.54313,75.1031,KA-MGL,STN-KA-MGL-0020
ANPR-0269,12.8432,75.45814,KA-MGL,STN-KA-MGL-0021
ANPR-0270,12.38208,75.15114,KA-MGL,STN-KA-MGL-0022
ANPR-0271,12.44333,75.12783,KA-MGL,STN-KA-MGL-0022
ANPR-0272,12.90091,75.41327,KA-MGL,STN-KA-MGL-0023
ANPR-0273,12.88177,75.45643,KA-MGL,STN-KA-MGL-0023
ANPR-0274,12.42068,75.45128,KA-MGL,STN-KA-MGL-0024
ANPR-0275,12.4671,75.45824,KA-MGL,STN-KA-MGL-0024
ANPR-0276,12.47208,75.44769,KA-MGL,STN-KA-MGL-0024
ANPR-0277,12.84257,74.91537,KA-MGL,STN-KA-MGL-0025
ANPR-0278,12.88981,74.93588,KA-MGL,STN-KA-MGL-0025
ANPR-0279,12.85972,74.96117,KA-MGL,STN-KA-MGL-0025
ANPR-0280,12.48556,74.78658,KA-MGL,STN-KA-MGL-0026
ANPR-0281,12.52958,74.91706,KA-MGL,STN-KA-MGL-0027
ANPR-0282,12.83396,75.3187,KA-MGL,STN-KA-MGL-0028
ANPR-0283,12.83205,75.29942,KA-MGL,STN-KA-MGL-0028
ANPR-0284,12.54085,74.97721,KA-MGL,STN-KA-MGL-0029
ANPR-0285,12.5868,74.99627,KA-MGL,STN-KA-MGL-0029
ANPR-0286,15.13553,75.49188,KA-HBL,STN-KA-HBL-0000
ANPR-0287,15.12236,75.42246,KA-HBL,STN-KA-HBL-0000
ANPR-0288,15.5975,75.3297,KA-HBL,STN-KA-HBL-0001
ANPR-0289,15.55223,75.28679,KA-HBL,STN-KA-HBL-0001
ANPR-0290,15.33599,75.2133,KA-HBL,STN-KA-HBL-0002
ANPR-0291,15.42823,75.4222,KA-HBL,STN-KA-HBL-0003
ANPR-0292,15.20418,75.50899,KA-HBL,STN-KA-HBL-0004
ANPR-0293,15.30724,75.11486,KA-HBL,STN-KA-HBL-0005
ANPR-0294,15.36871,75.14472,KA-HBL,STN-KA-HBL-0005
ANPR-0295,15.46281,75.45419,KA-HBL,STN-KA-HBL-0006
ANPR-0296,15.35309,75.13783,KA-HBL,STN-KA-HBL-0007
ANPR-0297,15.5221,75.0432,KA-HBL,STN-KA-HBL-0008
ANPR-0298,15.42712,75.24394,KA-HBL,STN-KA-HBL-0009
ANPR-0299,15.11894,74.94137,KA-HBL,STN-KA-HBL-0010
ANPR-0300,15.08684,74.92482,KA-HBL,STN-KA-HBL-0010
ANPR-0301,15.11467,74.97714,KA-HBL,STN-KA-HBL-0010
ANPR-0302,15.17852,75.24198,KA-HBL,STN-KA-HBL-0011
ANPR-0303,15.27993,75.12723,KA-HBL,STN-KA-HBL-0012
ANPR-0304,15.38577,75.43624,KA-HBL,STN-KA-HBL-0013
ANPR-0305,15.36894,75.44621,KA-HBL,STN-KA-HBL-0013
ANPR-0306,15.34215,75.47863,KA-HBL,STN-KA-HBL-0013
ANPR-0307,15.60281,75.08116,KA-HBL,STN-KA-HBL-0014
ANPR-0308,15.57716,74.87505,KA-HBL,STN-KA-HBL-0015
ANPR-0309,15.62543,74.98508,KA-HBL,STN-KA-HBL-0016
ANPR-0310,15.10726,75.18327,KA-HBL,STN-KA-HBL-0017
ANPR-0311,15.07552,75.17829,KA-HBL,STN-KA-HBL-0017
ANPR-0312,15.3057,75.11294,KA-HBL,STN-KA-HBL-0018
ANPR-0313,15.35983,75.10599,KA-HBL,STN-KA-HBL-0018
ANPR-0314,15.33802,75.17448,KA-HBL,STN-KA-HBL-0018
ANPR-0315,15.4391,75.21418,KA-HBL,STN-KA-HBL-0019
ANPR-0316,15.46949,75.23157,KA-HBL,STN-KA-HBL-0019
ANPR-0317,15.09557,75.27244,KA-HBL,STN-KA-HBL-0020
ANPR-0318,15.13865,75.18618,KA-HBL,STN-KA-HBL-0020
ANPR-0319,15.10684,75.24359,KA-HBL,STN-KA-HBL-0020
ANPR-0320,15.07845,75.22675,KA-HBL,STN-KA-HBL-0021
ANPR-0321,15.15102,75.26255,KA-HBL,STN-KA-HBL-0021
ANPR-0322,15.43747,74.83959,KA-HBL,STN-KA-HBL-0022
ANPR-0323,15.46939,74.80286,KA-HBL,STN-KA-HBL-0022
ANPR-0324,15.01895,74.99293,KA-HBL,STN-KA-HBL-0023
ANPR-0325,15.04342,75.32277,KA-HBL,STN-KA-HBL-0024
ANPR-0326,15.03433,75.38022,KA-HBL,STN-KA-HBL-0024
ANPR-0327,15.04826,75.33704,KA-HBL,STN-KA-HBL-0025
ANPR-0328,15.12024,75.34266,KA-HBL,STN-KA-HBL-0025
ANPR-0329,15.07549,75.3318,KA-HBL,STN-KA-HBL-0025
ANPR-0330,15.09163,75.1579,KA-HBL,STN-KA-HBL-0026
ANPR-0331,15.1664,75.17256,KA-HBL,STN-KA-HBL-0026
ANPR-0332,15.36919,75.51931,KA-HBL,STN-KA-HBL-0027
ANPR-0333,15.43793,75.49168,KA-HBL,STN-KA-HBL-0027
ANPR-0334,15.42607,75.47795,KA-HBL,STN-KA-HBL-0027
ANPR-0335,15.33872,75.40115,KA-HBL,STN-KA-HBL-0028
ANPR-0336,15.17352,74.92627,KA-HBL,STN-KA-HBL-0029
ANPR-0337,15.68217,74.63466,KA-BLG,STN-KA-BLG-0000
ANPR-0338,16.24404,75.14927,KA-BLG,STN-KA-BLG-0001
ANPR-0339,16.17357,75.14891,KA-BLG,STN-KA-BLG-0001
ANPR-0340,16.22818,75.09989,KA-BLG,STN-KA-BLG-0001
ANPR-0341,15.96657,74.31199,KA-BLG,STN-KA-BLG-0002
ANPR-0342,15.98707,74.3906,KA-BLG,STN-KA-BLG-0002
ANPR-0343,16.0388,74.32432,KA-BLG,STN-KA-BLG-0002
ANPR-0344,15.57936,75.14636,KA-BLG,STN-KA-BLG-0003
ANPR-0345,15.50349,75.12748,KA-BLG,STN-KA-BLG-0003
ANPR-0346,15.54198,75.12882,KA-BLG,STN-KA-BLG-0003
ANPR-0347,15.88357,74.51716,KA-BLG,STN-KA-BLG-0004
ANPR-0348,15.93314,74.48632,KA-BLG,STN-KA-BLG-0004
ANPR-0349,15.69257,74.92346,KA-BLG,STN-KA-BLG-0005
ANPR-0350,15.83007,74.27885,KA-BLG,STN-KA-BLG-0006
ANPR-0351,15.77706,74.19597,KA-BLG,STN-KA-BLG-0006
ANPR-0352,16.35446,74.55489,KA-BLG,STN-KA-BLG-0007
ANPR-0353,15.71963,74.48905,KA-BLG,STN-KA-BLG-0008
ANPR-0354,15.67604,74.46288,KA-BLG,STN-KA-BLG-0008
ANPR-0355,15.75933,74.48088,KA-BLG,STN-KA-BLG-0008
ANPR-0356,16.15816,75.20218,KA-BLG,STN-KA-BLG-0009
ANPR-0357,16.14532,75.19786,KA-BLG,STN-KA-BLG-0009
ANPR-0358,16.18959,75.20476,KA-BLG,STN-KA-BLG-0009
ANPR-0359,16.20527,74.47067,KA-BLG,STN-KA-BLG-0010
ANPR-0360,16.30996,74.25025,KA-BLG,STN-KA-BLG-0011
ANPR-0361,15.89207,74.49592,KA-BLG,STN-KA-BLG-0012
ANPR-0362,15.86406,74.51725,KA-BLG,STN-KA-BLG-0012
ANPR-0363,16.36735,74.9479,KA-BLG,STN-KA-BLG-0013
ANPR-0364,15.9788,74.97036,KA-BLG,STN-KA-BLG-0014
ANPR-0365,15.62098,74.47456,KA-BLG,STN-KA-BLG-0015
ANPR-0366,15.63005,74.56967,KA-BLG,STN-KA-BLG-0015
ANPR-0367,15.61879,74.27198,KA-BLG,STN-KA-BLG-0016
ANPR-0368,15.52888,74.27609,KA-BLG,STN-KA-BLG-0017
ANPR-0369,16.01925,74.53892,KA-BLG,STN-KA-BLG-0018
ANPR-0370,15.96547,74.52921,KA-BLG,STN-KA-BLG-0018
ANPR-0371,16.15399,74.62509,KA-BLG,STN-KA-BLG-0019
ANPR-0372,16.16505,74.60249,KA-BLG,STN-KA-BLG-0019
ANPR-0373,15.54868,74.76654,KA-BLG,STN-KA-BLG-0020
ANPR-0374,15.57984,74.7993,KA-BLG,STN-KA-BLG-0020
ANPR-0375,15.53627,74.79123,KA-BLG,STN-KA-BLG-0021
ANPR-0376,15.57657,74.78411,KA-BLG,STN-KA-BLG-0021
ANPR-0377,15.54842,74.78589,KA-BLG,STN-KA-BLG-0021
ANPR-0378,16.19295,74.35361,KA-BLG,STN-KA-BLG-0022
ANPR-0379,16.23461,74.40624,KA-BLG,STN-KA-BLG-0022
ANPR-0380,16.15601,74.39949,KA-BLG,STN-KA-BLG-0022
ANPR-0381,16.12335,75.15716,KA-BLG,STN-KA-BLG-0023
ANPR-0382,16.18354,75.13335,KA-BLG,STN-KA-BLG-0023
ANPR-0383,15.56613,74.59557,KA-BLG,STN-KA-BLG-0024
ANPR-0384,15.54653,74.43517,KA-BLG,STN-KA-BLG-0025
ANPR-0385,15.53104,74.41358,KA-BLG,STN-KA-BLG-0025
ANPR-0386,16.1344,75.08962,KA-BLG,STN-KA-BLG-0026
ANPR-0387,16.10652,75.11055,KA-BLG,STN-KA-BLG-0026
ANPR-0388,16.11636,75.05101,KA-BLG,STN-KA-BLG-0026
ANPR-0389,16.29818,74.28006,KA-BLG,STN-KA-BLG-0027
ANPR-0390,16.25534,74.30633,KA-BLG,STN-KA-BLG-0027
ANPR-0391,15.68494,75.00465,KA-BLG,STN-KA-BLG-0028
ANPR-0392,15.62427,75.06897,KA-BLG,STN-KA-BLG-0028
ANPR-0393,15.78768,74.47784,KA-BLG,STN-KA-BLG-0029
ANPR-0394,16.96202,76.53316,KA-KLP,STN-KA-KLP-0000
ANPR-0395,16.97144,76.58844,KA-KLP,STN-KA-KLP-0000
ANPR-0396,16.98066,76.57391,KA-KLP,STN-KA-KLP-0000
ANPR-0397,17.74378,76.78125,KA-KLP,STN-KA-KLP-0001
ANPR-0398,17.73724,76.7387,KA-KLP,STN-KA-KLP-0001
ANPR-0399,17.2073,76.79879,KA-KLP,STN-KA-KLP-0002
ANPR-0400,17.61646,76.63824,KA-KLP,STN-KA-KLP-0003
ANPR-0401,17.63533,76.57944,KA-KLP,STN-KA-KLP-0003
ANPR-0402,17.62722,76.58076,KA-KLP,STN-KA-KLP-0003
ANPR-0403,17.46509,77.10185,KA-KLP,STN-KA-KLP-0004
ANPR-0404,17.51172,77.07841,KA-KLP,STN-KA-KLP-0004
ANPR-0405,17.37573,77.01998,KA-KLP,STN-KA-KLP-0005
ANPR-0406,17.40017,76.98788,KA-KLP,STN-KA-KLP-0005
ANPR-0407,17.35259,76.95606,KA-KLP,STN-KA-KLP-0005
ANPR-0408,17.39146,77.1293,KA-KLP,STN-KA-KLP-0006
ANPR-0409,17.4567,77.10338,KA-KLP,STN-KA-KLP-0007
ANPR-0410,17.65981,76.97731,KA-KLP,STN-KA-KLP-0008
ANPR-0411,17.32404,76.52427,KA-KLP,STN-KA-KLP-0009
ANPR-0412,17.54012,76.73565,KA-KLP,STN-KA-KLP-0010
ANPR-0413,17.54758,76.82299,KA-KLP,STN-KA-KLP-0010
ANPR-0414,17.60637,76.81835,KA-KLP,STN-KA-KLP-0010
ANPR-0415,17.60108,76.61841,KA-KLP,STN-KA-KLP-0011
ANPR-0416,17.58667,77.28088,KA-KLP,STN-KA-KLP-0012
ANPR-0417,17.35339,76.96794,KA-KLP,STN-KA-KLP-0013
ANPR-0418,17.32466,76.99334,KA-KLP,STN-KA-KLP-0013
ANPR-0419,17.33925,77.11561,KA-KLP,STN-KA-KLP-0014
ANPR-0420,17.39822,77.0977,KA-KLP,STN-KA-KLP-0014
ANPR-0421,17.35913,77.09393,KA-KLP,STN-KA-KLP-0015
ANPR-0422,17.33732,77.05491,KA-KLP,STN-KA-KLP-0015
ANPR-0423,17.32735,77.07615,KA-KLP,STN-KA-KLP-0015
ANPR-0424,17.42359,77.15834,KA-KLP,STN-KA-KLP-0016
ANPR-0425,17.10888,76.95213,KA-KLP,STN-KA-KLP-0017
ANPR-0426,17.1403,77.00094,KA-KLP,STN-KA-KLP-0017
ANPR-0427,17.66772,76.89084,KA-KLP,STN-KA-KLP-0018
ANPR-0428,17.65777,76.91768,KA-KLP,STN-KA-KLP-0018
ANPR-0429,17.69548,76.87469,KA-KLP,STN-KA-KLP-0018
ANPR-0430,17.58403,77.01834,KA-KLP,STN-KA-KLP-0019
ANPR-0431,17.58475,76.95365,KA-KLP,STN-KA-KLP-0019
ANPR-0432,17.54727,77.01411,KA-KLP,STN-KA-KLP-0019
ANPR-0433,17.68902,77.09202,KA-KLP,STN-KA-KLP-0020
ANPR-0434,17.66618,77.09691,KA-KLP,STN-KA-KLP-0020
ANPR-0435,17.62698,77.11762,KA-KLP,STN-KA-KLP-0020
ANPR-0436,17.34998,76.96267,KA-KLP,STN-KA-KLP-0021
ANPR-0437,17.32789,76.98572,KA-KLP,STN-KA-KLP-0021
ANPR-0438,17.29952,76.93179,KA-KLP,STN-KA-KLP-0021
ANPR-0439,17.59691,77.19271,KA-KLP,STN-KA-KLP-0022
ANPR-0440,17.15574,77.37224,KA-KLP,STN-KA-KLP-0023
ANPR-0441,17.11782,77.34411,KA-KLP,STN-KA-KLP-0023
ANPR-0442,17.28151,76.93189,KA-KLP,STN-KA-KLP-0024
ANPR-0443,17.36246,76.90119,KA-KLP,STN-KA-KLP-0024
ANPR-0444,17.4439,76.79601,KA-KLP,STN-KA-KLP-0025
ANPR-0445,17.08664,77.27317,KA-KLP,STN-KA-KLP-0026
ANPR-0446,17.11777,76.64514,KA-KLP,STN-KA-KLP-0027
ANPR-0447,17.39634,77.03201,KA-KLP,STN-KA-KLP-0028
ANPR-0448,17.24472,77.01753,KA-KLP,STN-KA-KLP-0029
ANPR-0449,14.68973,75.88792,KA-DVG,STN-KA-DVG-0000
ANPR-0450,14.61947,75.84941,KA-DVG,STN-KA-DVG-0000
ANPR-0451,14.61406,75.89823,KA-DVG,STN-KA-DVG-0000
ANPR-0452,14.71426,76.25378,KA-DVG,STN-KA-DVG-0001
ANPR-0453,14.55661,76.20325,KA-DVG,STN-KA-DVG-0002
ANPR-0454,14.6238,76.22616,KA-DVG,STN-KA-DVG-0002
ANPR-0455,14.28671,75.70183,KA-DVG,STN-KA-DVG-0003
ANPR-0456,14.23206,76.0722,KA-DVG,STN-KA-DVG-0004
ANPR-0457,14.57032,75.63488,KA-DVG,STN-KA-DVG-0005
ANPR-0458,14.5203,75.6553,KA-DVG,STN-KA-DVG-0005
ANPR-0459,14.54276,75.66834,KA-DVG,STN-KA-DVG-0005
ANPR-0460,14.49521,75.77907,KA-DVG,STN-KA-DVG-0006
ANPR-0461,14.3393,76.12913,KA-DVG,STN-KA-DVG-0007
ANPR-0462,14.37493,76.13316,KA-DVG,STN-KA-DVG-0007
ANPR-0463,14.35309,76.18659,KA-DVG,STN-KA-DVG-0007
ANPR-0464,14.19314,76.16199,KA-DVG,STN-KA-DVG-0008
ANPR-0465,14.21288,76.11644,KA-DVG,STN-KA-DVG-0008
ANPR-0466,14.46402,76.15558,KA-DVG,STN-KA-DVG-0009
ANPR-0467,14.2734,75.91603,KA-DVG,STN-KA-DVG-0010
ANPR-0468,14.37028,75.74495,KA-DVG,STN-KA-DVG-0011
ANPR-0469,14.30851,75.82775,KA-DVG,STN-KA-DVG-0011
ANPR-0470,14.33514,75.75876,KA-DVG,STN-KA-DVG-0011
ANPR-0471,14.80545,75.67882,KA-DVG,STN-KA-DVG-0012
ANPR-0472,14.4146,75.83262,KA-DVG,STN-KA-DVG-0013
ANPR-0473,14.40465,75.84491,KA-DVG,STN-KA-DVG-0013
ANPR-0474,14.31868,76.00713,KA-DVG,STN-KA-DVG-0014
ANPR-0475,14.31417,76.01668,KA-DVG,STN-KA-DVG-0014
ANPR-0476,14.24671,75.93605,KA-DVG,STN-KA-DVG-0014
ANPR-0477,14.62005,75.67485,KA-DVG,STN-KA-DVG-0015
ANPR-0478,14.63596,75.65248,KA-DVG,STN-KA-DVG-0015
ANPR-0479,14.6036,75.67385,KA-DVG,STN-KA-DVG-0015
ANPR-0480,14.5307,75.822,KA-DVG,STN-KA-DVG-0016
ANPR-0481,14.67886,76.23072,KA-DVG,STN-KA-DVG-0017
ANPR-0482,14.66845,76.27694,KA-DVG,STN-KA-DVG-0017
ANPR-0483,14.30543,75.63253,KA-SHV,STN-KA-SHV-0000
ANPR-0484,14.37666,75.6624,KA-SHV,STN-KA-SHV-0000
ANPR-0485,14.38815,75.66026,KA-SHV,STN-KA-SHV-0000
ANPR-0486,14.16044,74.99882,KA-SHV,STN-KA-SHV-0001
ANPR-0487,14.13273,74.97606,KA-SHV,STN-KA-SHV-0001
ANPR-0488,14.15227,74.97091,KA-SHV,STN-KA-SHV-0002
ANPR-0489,14.15914,74.99177,KA-SHV,STN-KA-SHV-0002
ANPR-0490,14.07824,75.5272,KA-SHV,STN-KA-SHV-0003
ANPR-0491,13.7645,74.94466,KA-SHV,STN-KA-SHV-0004
ANPR-0492,13.7736,74.9608,KA-SHV,STN-KA-SHV-0004
ANPR-0493,13.74601,75.02154,KA-SHV,STN-KA-SHV-0004
ANPR-0494,13.82741,75.22651,KA-SHV,STN-KA-SHV-0005
ANPR-0495,13.78247,75.16024,KA-SHV,STN-KA-SHV-0006
ANPR-0496,13.72722,75.09317,KA-SHV,STN-KA-SHV-0006
ANPR-0497,13.77944,75.13746,KA-SHV,STN-KA-SHV-0006
ANPR-0498,13.96988,75.56323,KA-SHV,STN-KA-SHV-0007
ANPR-0499,14.03074,75.57578,KA-SHV,STN-KA-SHV-0007
ANPR-0500,14.04743,75.48748,KA-SHV,STN-KA-SHV-0008
ANPR-0501,14.08071,75.4409,KA-SHV,STN-KA-SHV-0008
ANPR-0502,13.79072,75.57398,KA-SHV,STN-KA-SHV-0009
ANPR-0503,13.7933,75.59612,KA-SHV,STN-KA-SHV-0009
ANPR-0504,13.88022,75.09331,KA-SHV,STN-KA-SHV-0010
ANPR-0505,13.92226,75.10578,KA-SHV,STN-KA-SHV-0010
ANPR-0506,13.92032,75.11998,KA-SHV,STN-KA-SHV-0010
ANPR-0507,14.34407,75.66254,KA-SHV,STN-KA-SHV-0011
ANPR-0508,14.33121,75.64978,KA-SHV,STN-KA-SHV-0011
ANPR-0509,14.20376,75.50505,KA-SHV,STN-KA-SHV-0012
ANPR-0510,14.132,75.04371,KA-SHV,STN-KA-SHV-0013
ANPR-0511,14.16304,75.00061,KA-SHV,STN-KA-SHV-0013
ANPR-0512,13.8389,75.52089,KA-SHV,STN-KA-SHV-0014
ANPR-0513,13.7566,75.54989,KA-SHV,STN-KA-SHV-0014
ANPR-0514,14.01013,75.2147,KA-SHV,STN-KA-SHV-0015
ANPR-0515,14.10739,75.22102,KA-SHV,STN-KA-SHV-0016
ANPR-0516,14.12679,75.2595,KA-SHV,STN-KA-SHV-0016
ANPR-0517,14.11711,75.24511,KA-SHV,STN-KA-SHV-0016
ANPR-0518,14.16015,75.47614,KA-SHV,STN-KA-SHV-0017
ANPR-0519,13.06435,77.18733,KA-TKR,STN-KA-TKR-0000
ANPR-0520,13.05818,77.15599,KA-TKR,STN-KA-TKR-0000
ANPR-0521,12.99938,77.16237,KA-TKR,STN-KA-TKR-0000
ANPR-0522,13.90391,76.60196,KA-TKR,STN-KA-TKR-0001
ANPR-0523,13.88367,76.65217,KA-TKR,STN-KA-TKR-0001
ANPR-0524,13.926,77.14002,KA-TKR,STN-KA-TKR-0002
ANPR-0525,13.91044,77.12161,KA-TKR,STN-KA-TKR-0002
ANPR-0526,13.7067,77.12026,KA-TKR,STN-KA-TKR-0003
ANPR-0527,13.65377,76.58604,KA-TKR,STN-KA-TKR-0004
ANPR-0528,13.70789,76.6375,KA-TKR,STN-KA-TKR-0004
ANPR-0529,13.17376,77.28296,KA-TKR,STN-KA-TKR-0005
ANPR-0530,13.77904,77.16926,KA-TKR,STN-KA-TKR-0006
ANPR-0531,13.78846,77.19038,KA-TKR,STN-KA-TKR-0006
ANPR-0532,13.79725,77.21475,KA-TKR,STN-KA-TKR-0006
ANPR-0533,13.05482,76.56429,KA-TKR,STN-KA-TKR-0007
ANPR-0534,13.03864,76.55717,KA-TKR,STN-KA-TKR-0007
ANPR-0535,13.07356,76.5491,KA-TKR,STN-KA-TKR-0007
ANPR-0536,13.61118,76.97779,KA-TKR,STN-KA-TKR-0008
ANPR-0537,13.5535,76.97123,KA-TKR,STN-KA-TKR-0008
ANPR-0538,13.62876,77.03981,KA-TKR,STN-KA-TKR-0008
ANPR-0539,13.04526,76.65321,KA-TKR,STN-KA-TKR-0009
ANPR-0540,13.06636,76.61491,KA-TKR,STN-KA-TKR-0009
ANPR-0541,13.04601,76.66124,KA-TKR,STN-KA-TKR-0009
ANPR-0542,14.01076,77.15422,KA-TKR,STN-KA-TKR-0010
ANPR-0543,12.99822,76.98214,KA-TKR,STN-KA-TKR-0011
ANPR-0544,13.0524,76.93927,KA-TKR,STN-KA-TKR-0011
ANPR-0545,13.04624,76.98147,KA-TKR,STN-KA-TKR-0011
ANPR-0546,13.26544,76.49148,KA-TKR,STN-KA-TKR-0012
ANPR-0547,13.27895,76.47481,KA-TKR,STN-KA-TKR-0013
ANPR-0548,13.2393,76.56851,KA-TKR,STN-KA-TKR-0013
ANPR-0549,13.07728,76.89818,KA-TKR,STN-KA-TKR-0014
ANPR-0550,13.38951,76.93069,KA-TKR,STN-KA-TKR-0015
ANPR-0551,13.35071,76.96374,KA-TKR,STN-KA-TKR-0015
ANPR-0552,13.65742,76.64773,KA-TKR,STN-KA-TKR-0016
ANPR-0553,13.97413,76.77573,KA-TKR,STN-KA-TKR-0017
ANPR-0554,16.33087,77.6139,KA-RCR,STN-KA-RCR-0000
ANPR-0555,16.4116,77.50271,KA-RCR,STN-KA-RCR-0001
ANPR-0556,16.39953,77.52217,KA-RCR,STN-KA-RCR-0001
ANPR-0557,16.48274,77.47198,KA-RCR,STN-KA-RCR-0001
ANPR-0558,16.0343,77.33252,KA-RCR,STN-KA-RCR-0002
ANPR-0559,15.99057,77.2835,KA-RCR,STN-KA-RCR-0002
ANPR-0560,16.39325,77.51266,KA-RCR,STN-KA-RCR-0003
ANPR-0561,16.38545,77.57314,KA-RCR,STN-KA-RCR-0003
ANPR-0562,16.21725,77.01729,KA-RCR,STN-KA-RCR-0004
ANPR-0563,16.27576,76.9656,KA-RCR,STN-KA-RCR-0004
ANPR-0564,16.24973,77.00866,KA-RCR,STN-KA-RCR-0004
ANPR-0565,16.22729,76.77476,KA-RCR,STN-KA-RCR-0005
ANPR-0566,16.18871,76.75636,KA-RCR,STN-KA-RCR-0005
ANPR-0567,16.20745,76.83851,KA-RCR,STN-KA-RCR-0005
ANPR-0568,16.06859,77.41176,KA-RCR,STN-KA-RCR-0006
ANPR-0569,16.16439,77.46189,KA-RCR,STN-KA-RCR-0007
ANPR-0570,16.36126,77.0105,KA-RCR,STN-KA-RCR-0008
ANPR-0571,16.38218,77.00632,KA-RCR,STN-KA-RCR-0008
ANPR-0572,16.39645,77.09662,KA-RCR,STN-KA-RCR-0009
ANPR-0573,16.3234,77.57892,KA-RCR,STN-KA-RCR-0010
ANPR-0574,16.3168,77.63672,KA-RCR,STN-KA-RCR-0010
ANPR-0575,16.33574,77.59016,KA-RCR,STN-KA-RCR-0010
ANPR-0576,16.13863,77.23047,KA-RCR,STN-KA-RCR-0011
ANPR-0577,16.0877,77.20321,KA-RCR,STN-KA-RCR-0011
ANPR-0578,16.41547,76.99945,KA-RCR,STN-KA-RCR-0012
ANPR-0579,16.37955,76.96531,KA-RCR,STN-KA-RCR-0012
ANPR-0580,16.38911,76.93676,KA-RCR,STN-KA-RCR-0012
ANPR-0581,16.49755,76.87919,KA-RCR,STN-KA-RCR-0013
ANPR-0582,16.24169,77.39883,KA-RCR,STN-KA-RCR-0014
ANPR-0583,15.97705,76.99987,KA-RCR,STN-KA-RCR-0015
ANPR-0584,16.01909,77.01687,KA-RCR,STN-KA-RCR-0015
ANPR-0585,15.94012,77.08275,KA-RCR,STN-KA-RCR-0015
ANPR-0586,16.31597,77.56512,KA-RCR,STN-KA-RCR-0016
ANPR-0587,16.37704,77.50086,KA-RCR,STN-KA-RCR-0016
ANPR-0588,16.33333,77.57163,KA-RCR,STN-KA-RCR-0016
ANPR-0589,16.52226,77.4535,KA-RCR,STN-KA-RCR-0017
ANPR-0590,16.48767,77.53433,KA-RCR,STN-KA-RCR-0017
ANPR-0591,16.48241,77.52171,KA-RCR,STN-KA-RCR-0017
ANPR-0592,17.73768,77.00958,KA-BDR,STN-KA-BDR-0000
ANPR-0593,17.73513,77.01659,KA-BDR,STN-KA-BDR-0000
ANPR-0594,18.29674,77.38465,KA-BDR,STN-KA-BDR-0001
ANPR-0595,18.32017,77.33444,KA-BDR,STN-KA-BDR-0002
ANPR-0596,17.63657,76.86232,KA-BDR,STN-KA-BDR-0003
ANPR-0597,17.68609,76.80483,KA-BDR,STN-KA-BDR-0003
ANPR-0598,17.52633,76.94843,KA-BDR,STN-KA-BDR-0004
ANPR-0599,17.58107,76.98285,KA-BDR,STN-KA-BDR-0004
ANPR-0600,17.55967,76.96058,KA-BDR,STN-KA-BDR-0004
ANPR-0601,17.60525,77.18387,KA-BDR,STN-KA-BDR-0005
ANPR-0602,17.52049,77.45951,KA-BDR,STN-KA-BDR-0006
ANPR-0603,17.56038,77.42157,KA-BDR,STN-KA-BDR-0006
ANPR-0604,17.50338,77.49649,KA-BDR,STN-KA-BDR-0006
ANPR-0605,17.99932,76.84284,KA-BDR,STN-KA-BDR-0007
ANPR-0606,18.01896,76.84054,KA-BDR,STN-KA-BDR-0007
ANPR-0607,17.94391,76.85177,KA-BDR,STN-KA-BDR-0007
ANPR-0608,18.08254,76.80953,KA-BDR,STN-KA-BDR-0008
ANPR-0609,18.00836,76.89851,KA-BDR,STN-KA-BDR-0008
ANPR-0610,18.05831,76.87669,KA-BDR,STN-KA-BDR-0008
ANPR-0611,18.20591,77.48225,KA-BDR,STN-KA-BDR-0009
ANPR-0612,18.17936,77.46222,KA-BDR,STN-KA-BDR-0009
ANPR-0613,18.1349,77.4531,KA-BDR,STN-KA-BDR-0009
ANPR-0614,17.68878,77.44182,KA-BDR,STN-KA-BDR-0010
ANPR-0615,17.85928,77.02688,KA-BDR,STN-KA-BDR-0011
ANPR-0616,17.88803,76.97793,KA-BDR,STN-KA-BDR-0011
ANPR-0617,17.90229,77.02492,KA-BDR,STN-KA-BDR-0011
ANPR-0618,17.91018,77.24957,KA-BDR,STN-KA-BDR-0012
ANPR-0619,17.67726,76.85495,KA-BDR,STN-KA-BDR-0013
ANPR-0620,17.93574,77.45879,KA-BDR,STN-KA-BDR-0014
ANPR-0621,17.58237,77.08378,KA-BDR,STN-KA-BDR-0015
ANPR-0622,17.73007,76.81979,KA-BDR,STN-KA-BDR-0016
ANPR-0623,17.64643,77.27916,KA-BDR,STN-KA-BDR-0017
ANPR-0624,17.59084,77.34624,KA-BDR,STN-KA-BDR-0017
ANPR-0625,16.60037,76.2252,KA-VJP,STN-KA-VJP-0000
ANPR-0626,16.90915,76.17002,KA-VJP,STN-KA-VJP-0001
ANPR-0627,16.90017,76.17453,KA-VJP,STN-KA-VJP-0001
ANPR-0628,17.0868,75.73734,KA-VJP,STN-KA-VJP-0002
ANPR-0629,17.10813,75.7391,KA-VJP,STN-KA-VJP-0002
ANPR-0630,17.11888,75.70859,KA-VJP,STN-KA-VJP-0002
ANPR-0631,16.64031,75.97795,KA-VJP,STN-KA-VJP-0003
ANPR-0632,16.6111,75.97247,KA-VJP,STN-KA-VJP-0003
ANPR-0633,16.71765,75.57556,KA-VJP,STN-KA-VJP-0004
ANPR-0634,16.76186,75.61591,KA-VJP,STN-KA-VJP-0004
ANPR-0635,16.78171,75.63424,KA-VJP,STN-KA-VJP-0004
ANPR-0636,16.93582,76.51028,KA-VJP,STN-KA-VJP-0005
ANPR-0637,17.01946,75.78435,KA-VJP,STN-KA-VJP-0006
ANPR-0638,17.05029,75.85025,KA-VJP,STN-KA-VJP-0006
ANPR-0639,17.22094,76.07392,KA-VJP,STN-KA-VJP-0007
ANPR-0640,16.85606,75.7311,KA-VJP,STN-KA-VJP-0008
ANPR-0641,16.90112,75.71306,KA-VJP,STN-KA-VJP-0008
ANPR-0642,16.87516,75.66863,KA-VJP,STN-KA-VJP-0008
ANPR-0643,17.00387,76.02603,KA-VJP,STN-KA-VJP-0009
ANPR-0644,16.97819,75.69826,KA-VJP,STN-KA-VJP-0010
ANPR-0645,16.9856,75.69864,KA-VJP,STN-KA-VJP-0010
ANPR-0646,17.01768,76.49911,KA-VJP,STN-KA-VJP-0011
ANPR-0647,17.05837,76.47748,KA-VJP,STN-KA-VJP-0011
ANPR-0648,17.01309,76.5079,KA-VJP,STN-KA-VJP-0011
ANPR-0649,16.69483,75.93863,KA-VJP,STN-KA-VJP-0012
ANPR-0650,17.06291,75.62324,KA-VJP,STN-KA-VJP-0013
ANPR-0651,17.01146,75.58825,KA-VJP,STN-KA-VJP-0013
ANPR-0652,16.87259,75.59317,KA-VJP,STN-KA-VJP-0014
ANPR-0653,16.72849,76.00776,KA-VJP,STN-KA-VJP-0015
ANPR-0654,16.79555,76.03782,KA-VJP,STN-KA-VJP-0015
ANPR-0655,16.98472,75.70488,KA-VJP,STN-KA-VJP-0016
ANPR-0656,16.98857,75.79493,KA-VJP,STN-KA-VJP-0016
ANPR-0657,17.09666,75.95022,KA-VJP,STN-KA-VJP-0017
ANPR-0658,16.63122,75.55442,KA-BSD,STN-KA-BSD-0000
ANPR-0659,16.634,75.52313,KA-BSD,STN-KA-BSD-0000
ANPR-0660,16.57583,75.67479,KA-BSD,STN-KA-BSD-0001
ANPR-0661,16.56619,75.61867,KA-BSD,STN-KA-BSD-0001
ANPR-0662,16.49162,75.26302,KA-BSD,STN-KA-BSD-0002
ANPR-0663,16.33404,75.69723,KA-BSD,STN-KA-BSD-0003
ANPR-0664,16.34098,75.69844,KA-BSD,STN-KA-BSD-0003
ANPR-0665,16.50262,75.21743,KA-BSD,STN-KA-BSD-0004
ANPR-0666,16.73232,75.46963,KA-BSD,STN-KA-BSD-0005
ANPR-0667,16.76846,75.41658,KA-BSD,STN-KA-BSD-0005
ANPR-0668,16.75042,75.44597,KA-BSD,STN-KA-BSD-0005
ANPR-0669,16.70781,75.84647,KA-BSD,STN-KA-BSD-0006
ANPR-0670,16.70218,75.82638,KA-BSD,STN-KA-BSD-0006
ANPR-0671,16.69545,75.78468,KA-BSD,STN-KA-BSD-0006
ANPR-0672,16.3409,75.95534,KA-BSD,STN-KA-BSD-0007
ANPR-0673,16.30367,75.97606,KA-BSD,STN-KA-BSD-0007
ANPR-0674,16.04769,75.59658,KA-BSD,STN-KA-BSD-0008
ANPR-0675,16.05259,75.56999,KA-BSD,STN-KA-BSD-0008
ANPR-0676,16.02596,75.62266,KA-BSD,STN-KA-BSD-0008
ANPR-0677,16.51227,75.5203,KA-BSD,STN-KA-BSD-0009
ANPR-0678,16.53173,75.5935,KA-BSD,STN-KA-BSD-0009
ANPR-0679,12.86893,76.21348,KA-HSN,STN-KA-HSN-0000
ANPR-0680,12.81663,76.20061,KA-HSN,STN-KA-HSN-0000
ANPR-0681,12.83823,76.19041,KA-HSN,STN-KA-HSN-0000
ANPR-0682,13.0849,76.63502,KA-HSN,STN-KA-HSN-0001
ANPR-0683,13.1364,76.62874,KA-HSN,STN-KA-HSN-0001
ANPR-0684,12.97243,76.51293,KA-HSN,STN-KA-HSN-0002
ANPR-0685,12.94873,76.54449,KA-HSN,STN-KA-HSN-0002
ANPR-0686,13.00926,76.5553,KA-HSN,STN-KA-HSN-0002
ANPR-0687,12.99435,75.8743,KA-HSN,STN-KA-HSN-0003
ANPR-0688,13.00792,75.9121,KA-HSN,STN-KA-HSN-0003
ANPR-0689,13.0321,75.90923,KA-HSN,STN-KA-HSN-0003
ANPR-0690,12.76407,76.12626,KA-HSN,STN-KA-HSN-0004
ANPR-0691,13.13768,75.90804,KA-HSN,STN-KA-HSN-0005
ANPR-0692,13.07547,75.94614,KA-HSN,STN-KA-HSN-0005
ANPR-0693,13.10398,75.93792,KA-HSN,STN-KA-HSN-0005
ANPR-0694,12.70647,76.37288,KA-HSN,STN-KA-HSN-0006
ANPR-0695,12.69336,76.34553,KA-HSN,STN-KA-HSN-0006
ANPR-0696,12.75322,76.40855,KA-HSN,STN-KA-HSN-0006
ANPR-0697,13.01461,76.3976,KA-HSN,STN-KA-HSN-0007
ANPR-0698,12.97115,76.39921,KA-HSN,STN-KA-HSN-0007
ANPR-0699,12.97219,76.41206,KA-HSN,STN-KA-HSN-0007
ANPR-0700,12.7728,75.8026,KA-HSN,STN-KA-HSN-0008
ANPR-0701,13.23755,76.4817,KA-HSN,STN-KA-HSN-0009
ANPR-0702,13.14134,76.38805,KA-HSN,STN-KA-HSN-0009
ANPR-0703,13.14464,76.41571,KA-HSN,STN-KA-HSN-0009
ANPR-0704,13.0872,75.82614,KA-HSN,STN-KA-HSN-0010
ANPR-0705,13.11094,75.8143,KA-HSN,STN-KA-HSN-0010
ANPR-0706,13.12986,75.82406,KA-HSN,STN-KA-HSN-0010
ANPR-0707,12.69663,75.87758,KA-HSN,STN-KA-HSN-0011
ANPR-0708,12.87042,75.82116,KA-HSN,STN-KA-HSN-0012
ANPR-0709,12.91282,75.81834,KA-HSN,STN-KA-HSN-0012
ANPR-0710,12.912,75.81601,KA-HSN,STN-KA-HSN-0012
ANPR-0711,13.07834,76.50669,KA-HSN,STN-KA-HSN-0013
ANPR-0712,13.07571,76.49797,KA-HSN,STN-KA-HSN-0013
ANPR-0713,13.13794,76.45026,KA-HSN,STN-KA-HSN-0014
ANPR-0714,13.1545,75.86689,KA-HSN,STN-KA-HSN-0015
ANPR-0715,13.18789,75.8962,KA-HSN,STN-KA-HSN-0015
ANPR-0716,12.73607,76.28913,KA-HSN,STN-KA-HSN-0016
ANPR-0717,12.75759,76.30118,KA-HSN,STN-KA-HSN-0016
ANPR-0718,13.3072,76.3768,KA-HSN,STN-KA-HSN-0017
ANPR-0719,13.326,76.37837,KA-HSN,STN-KA-HSN-0017
ANPR-0720,13.0767,75.91894,KA-CKM,STN-KA-CKM-0000
ANPR-0721,13.07238,76.00984,KA-CKM,STN-KA-CKM-0000
ANPR-0722,13.13063,75.98003,KA-CKM,STN-KA-CKM-0000
ANPR-0723,13.04855,75.94539,KA-CKM,STN-KA-CKM-0001
ANPR-0724,13.4052,76.04691,KA-CKM,STN-KA-CKM-0002
ANPR-0725,13.43566,75.98079,KA-CKM,STN-KA-CKM-0002
ANPR-0726,13.4058,76.02228,KA-CKM,STN-KA-CKM-0002
ANPR-0727,12.97851,75.96976,KA-CKM,STN-KA-CKM-0003
ANPR-0728,13.11807,75.87442,KA-CKM,STN-KA-CKM-0004
ANPR-0729,13.0973,75.8764,KA-CKM,STN-KA-CKM-0004
ANPR-0730,13.10256,75.87676,KA-CKM,STN-KA-CKM-0004
ANPR-0731,13.25737,75.96833,KA-CKM,STN-KA-CKM-0005
ANPR-0732,13.28168,75.98331,KA-CKM,STN-KA-CKM-0005
ANPR-0733,13.28594,75.83086,KA-CKM,STN-KA-CKM-0006
ANPR-0734,13.19894,75.89015,KA-CKM,STN-KA-CKM-0006
ANPR-0735,13.25624,75.89918,KA-CKM,STN-KA-CKM-0006
ANPR-0736,13.45168,75.78744,KA-CKM,STN-KA-CKM-0007
ANPR-0737,13.3812,75.788,KA-CKM,STN-KA-CKM-0007
ANPR-0738,13.16868,75.96819,KA-CKM,STN-KA-CKM-0008
ANPR-0739,13.11403,75.96518,KA-CKM,STN-KA-CKM-0008
ANPR-0740,13.08769,76.04663,KA-CKM,STN-KA-CKM-0009
ANPR-0741,13.12394,76.02303,KA-CKM,STN-KA-CKM-0009
ANPR-0742,13.15216,76.07212,KA-CKM,STN-KA-CKM-0009
ANPR-0743,12.09945,75.93415,KA-KDG,STN-KA-KDG-0000
ANPR-0744,11.98339,76.17304,KA-KDG,STN-KA-KDG-0001
ANPR-0745,11.94994,76.17213,KA-KDG,STN-KA-KDG-0001
ANPR-0746,12.04095,75.66031,KA-KDG,STN-KA-KDG-0002
ANPR-0747,12.09445,76.03098,KA-KDG,STN-KA-KDG-0003
ANPR-0748,12.07535,76.05561,KA-KDG,STN-KA-KDG-0003
ANPR-0749,12.27865,75.81691,KA-KDG,STN-KA-KDG-0004
ANPR-0750,12.45844,76.13081,KA-KDG,STN-KA-KDG-0005
ANPR-0751,12.48361,76.11801,KA-KDG,STN-KA-KDG-0005
ANPR-0752,12.4284,76.12213,KA-KDG,STN-KA-KDG-0005
ANPR-0753,11.88133,75.98766,KA-KDG,STN-KA-KDG-0006
ANPR-0754,11.85415,76.03177,KA-KDG,STN-KA-KDG-0006
ANPR-0755,11.87992,76.03694,KA-KDG,STN-KA-KDG-0007
ANPR-0756,12.27352,76.10317,KA-KDG,STN-KA-KDG-0008
ANPR-0757,12.22598,76.12328,KA-KDG,STN-KA-KDG-0008
ANPR-0758,12.26308,76.11592,KA-KDG,STN-KA-KDG-0008
ANPR-0759,12.36286,76.1367,KA-KDG,STN-KA-KDG-0009
ANPR-0760,12.35577,76.09009,KA-KDG,STN-KA-KDG-0009
ANPR-0761,13.37323,74.67483,KA-UDR,STN-KA-UDR-0000
ANPR-0762,13.41087,74.75774,KA-UDR,STN-KA-UDR-0001
ANPR-0763,13.4086,74.73652,KA-UDR,STN-KA-UDR-0001
ANPR-0764,13.38303,74.68588,KA-UDR,STN-KA-UDR-0001
ANPR-0765,13.36151,74.68343,KA-UDR,STN-KA-UDR-0002
ANPR-0766,13.34337,74.75152,KA-UDR,STN-KA-UDR-0002
ANPR-0767,13.3487,74.68186,KA-UDR,STN-KA-UDR-0002
ANPR-0768,13.64786,74.63301,KA-UDR,STN-KA-UDR-0003
ANPR-0769,13.6449,74.64919,KA-UDR,STN-KA-UDR-0003
ANPR-0770,13.2358,74.93858,KA-UDR,STN-KA-UDR-0004
ANPR-0771,13.2216,74.90285,KA-UDR,STN-KA-UDR-0004
ANPR-0772,13.2191,74.91597,KA-UDR,STN-KA-UDR-0004
ANPR-0773,13.31165,74.66894,KA-UDR,STN-KA-UDR-0005
ANPR-0774,13.32449,74.62081,KA-UDR,STN-KA-UDR-0005
ANPR-0775,13.25881,74.6348,KA-UDR,STN-KA-UDR-0005
ANPR-0776,13.51571,75.11879,KA-UDR,STN-KA-UDR-0006
ANPR-0777,13.43304,75.14329,KA-UDR,STN-KA-UDR-0006
ANPR-0778,13.69538,75.2024,KA-UDR,STN-KA-UDR-0007
ANPR-0779,13.37593,74.93816,KA-UDR,STN-KA-UDR-0008
ANPR-0780,13.55408,74.60974,KA-UDR,STN-KA-UDR-0009
ANPR-0781,13.57341,74.6793,KA-UDR,STN-KA-UDR-0009
ANPR-0782,13.59804,74.63775,KA-UDR,STN-KA-UDR-0009
ANPR-0783,13.65387,75.04115,KA-UDR,STN-KA-UDR-0010
ANPR-0784,13.6504,75.03875,KA-UDR,STN-KA-UDR-0010
ANPR-0785,13.52909,75.11991,KA-UDR,STN-KA-UDR-0011
ANPR-0786,13.73904,74.91228,KA-UDR,STN-KA-UDR-0012
ANPR-0787,13.76632,74.94927,KA-UDR,STN-KA-UDR-0012
ANPR-0788,13.40977,74.56369,KA-UDR,STN-KA-UDR-0013
ANPR-0789,13.40534,74.58927,KA-UDR,STN-KA-UDR-0013
ANPR-0790,13.43126,74.59086,KA-UDR,STN-KA-UDR-0013
ANPR-0791,13.57125,75.17519,KA-UDR,STN-KA-UDR-0014
ANPR-0792,13.30406,74.71294,KA-UDR,STN-KA-UDR-0015
ANPR-0793,13.27016,74.73067,KA-UDR,STN-KA-UDR-0015
ANPR-0794,13.53939,74.87545,KA-UDR,STN-KA-UDR-0016
ANPR-0795,13.58929,74.87515,KA-UDR,STN-KA-UDR-0016
ANPR-0796,13.59569,74.87815,KA-UDR,STN-KA-UDR-0016
ANPR-0797,13.54951,75.05053,KA-UDR,STN-KA-UDR-0017
ANPR-0798,13.54884,75.04351,KA-UDR,STN-KA-UDR-0017
ANPR-0799,13.49742,75.0579,KA-UDR,STN-KA-UDR-0017
ANPR-0800,13.40244,74.99009,KA-UDR,STN-KA-UDR-0018
ANPR-0801,13.42152,74.84319,KA-UDR,STN-KA-UDR-0019
ANPR-0802,13.77806,74.90615,KA-UDR,STN-KA-UDR-0020
ANPR-0803,13.80881,74.8305,KA-UDR,STN-KA-UDR-0020
ANPR-0804,13.35915,74.86729,KA-UDR,STN-KA-UDR-0021
ANPR-0805,13.36965,74.85881,KA-UDR,STN-KA-UDR-0021
ANPR-0806,13.40155,74.652,KA-UDR,STN-KA-UDR-0022
ANPR-0807,13.3476,74.83591,KA-UDR,STN-KA-UDR-0023
ANPR-0808,13.38111,74.89475,KA-UDR,STN-KA-UDR-0023
ANPR-0809,13.74265,75.01948,KA-UDR,STN-KA-UDR-0024
ANPR-0810,13.71777,75.05385,KA-UDR,STN-KA-UDR-0024
ANPR-0811,13.64704,75.05588,KA-UDR,STN-KA-UDR-0025
ANPR-0812,13.68718,75.08123,KA-UDR,STN-KA-UDR-0025
ANPR-0813,13.6495,75.0634,KA-UDR,STN-KA-UDR-0025
ANPR-0814,13.4913,75.03566,KA-UDR,STN-KA-UDR-0026
ANPR-0815,13.4455,74.98851,KA-UDR,STN-KA-UDR-0026
ANPR-0816,13.46244,75.02382,KA-UDR,STN-KA-UDR-0026
ANPR-0817,13.28042,75.14501,KA-UDR,STN-KA-UDR-0027
ANPR-0818,13.68751,74.69894,KA-UDR,STN-KA-UDR-0028
ANPR-0819,13.31476,74.702,KA-UDR,STN-KA-UDR-0029
ANPR-0820,13.34109,74.76134,KA-UDR,STN-KA-UDR-0029
ANPR-0821,12.56958,76.69208,KA-MDY,STN-KA-MDY-0000
ANPR-0822,12.44533,76.91463,KA-MDY,STN-KA-MDY-0001
ANPR-0823,12.37978,76.92547,KA-MDY,STN-KA-MDY-0001
ANPR-0824,12.37953,76.91842,KA-MDY,STN-KA-MDY-0001
ANPR-0825,12.63954,76.56756,KA-MDY,STN-KA-MDY-0002
ANPR-0826,12.64366,76.58279,KA-MDY,STN-KA-MDY-0003
ANPR-0827,12.68059,76.85101,KA-MDY,STN-KA-MDY-0004
ANPR-0828,12.62875,76.82248,KA-MDY,STN-KA-MDY-0004
ANPR-0829,12.67041,76.78376,KA-MDY,STN-KA-MDY-0004
ANPR-0830,12.44215,76.97173,KA-MDY,STN-KA-MDY-0005
ANPR-0831,12.42819,76.97473,KA-MDY,STN-KA-MDY-0005
ANPR-0832,12.76372,76.60366,KA-MDY,STN-KA-MDY-0006
ANPR-0833,12.7692,76.57459,KA-MDY,STN-KA-MDY-0006
ANPR-0834,12.35372,76.61557,KA-MDY,STN-KA-MDY-0007
ANPR-0835,12.30032,76.56177,KA-MDY,STN-KA-MDY-0007
ANPR-0836,12.29292,76.55401,KA-MDY,STN-KA-MDY-0007
ANPR-0837,12.47313,76.69018,KA-MDY,STN-KA-MDY-0008
ANPR-0838,12.47958,76.70834,KA-MDY,STN-KA-MDY-0008
ANPR-0839,12.31859,76.92236,KA-MDY,STN-KA-MDY-0009
ANPR-0840,12.33134,76.98012,KA-MDY,STN-KA-MDY-0009
ANPR-0841,12.64722,76.80428,KA-MDY,STN-KA-MDY-0010
ANPR-0842,12.63792,76.84055,KA-MDY,STN-KA-MDY-0010
ANPR-0843,12.60574,76.87522,KA-MDY,STN-KA-MDY-0010
ANPR-0844,12.46534,76.78732,KA-MDY,STN-KA-MDY-0011
ANPR-0845,12.61366,76.79452,KA-MDY,STN-KA-MDY-0012
ANPR-0846,12.5851,76.76491,KA-MDY,STN-KA-MDY-0012
ANPR-0847,12.37758,76.59517,KA-MDY,STN-KA-MDY-0013
ANPR-0848,12.40571,76.57684,KA-MDY,STN-KA-MDY-0013
ANPR-0849,12.89038,76.62092,KA-MDY,STN-KA-MDY-0014
ANPR-0850,12.89438,76.68859,KA-MDY,STN-KA-MDY-0014
ANPR-0851,12.32389,76.68854,KA-MDY,STN-KA-MDY-0015
ANPR-0852,12.32226,76.67621,KA-MDY,STN-KA-MDY-0015
ANPR-0853,12.3161,76.71101,KA-MDY,STN-KA-MDY-0015
ANPR-0854,12.74862,76.5229,KA-MDY,STN-KA-MDY-0016
ANPR-0855,12.71313,76.57619,KA-MDY,STN-KA-MDY-0016
ANPR-0856,12.59481,76.79033,KA-MDY,STN-KA-MDY-0017
ANPR-0857,12.58637,76.78417,KA-MDY,STN-KA-MDY-0017
ANPR-0858,12.15037,76.6419,KA-CHT,STN-KA-CHT-0000
ANPR-0859,12.02339,76.71451,KA-CHT,STN-KA-CHT-0001
ANPR-0860,11.9476,76.71318,KA-CHT,STN-KA-CHT-0001
ANPR-0861,11.92883,76.86058,KA-CHT,STN-KA-CHT-0002
ANPR-0862,11.95794,76.89784,KA-CHT,STN-KA-CHT-0002
ANPR-0863,11.65605,76.73202,KA-CHT,STN-KA-CHT-0003
ANPR-0864,11.99582,76.59263,KA-CHT,STN-KA-CHT-0004
ANPR-0865,11.71204,76.72555,KA-CHT,STN-KA-CHT-0005
ANPR-0866,11.75943,76.72956,KA-CHT,STN-KA-CHT-0005
ANPR-0867,11.73839,76.79441,KA-CHT,STN-KA-CHT-0005
ANPR-0868,12.21588,76.86878,KA-CHT,STN-KA-CHT-0006
ANPR-0869,12.27925,76.82925,KA-CHT,STN-KA-CHT-0006
ANPR-0870,12.26999,76.88104,KA-CHT,STN-KA-CHT-0006
ANPR-0871,12.19075,77.03798,KA-CHT,STN-KA-CHT-0007
ANPR-0872,12.04358,76.82026,KA-CHT,STN-KA-CHT-0008
ANPR-0873,11.98347,76.80672,KA-CHT,STN-KA-CHT-0008
ANPR-0874,12.08072,76.76304,KA-CHT,STN-KA-CHT-0008
ANPR-0875,11.80046,77.09415,KA-CHT,STN-KA-CHT-0009
ANPR-0876,12.88945,78.19851,KA-KLR,STN-KA-KLR-0000
ANPR-0877,12.84044,78.03642,KA-KLR,STN-KA-KLR-0001
ANPR-0878,13.14735,78.34268,KA-KLR,STN-KA-KLR-0002
ANPR-0879,13.13831,78.35946,KA-KLR,STN-KA-KLR-0002
ANPR-0880,13.15297,78.31265,KA-KLR,STN-KA-KLR-0002
ANPR-0881,13.12456,78.28616,KA-KLR,STN-KA-KLR-0003
ANPR-0882,13.17256,78.3041,KA-KLR,STN-KA-KLR-0003
ANPR-0883,13.25915,78.30846,KA-KLR,STN-KA-KLR-0004
ANPR-0884,13.19767,78.3574,KA-KLR,STN-KA-KLR-0004
ANPR-0885,13.19814,78.36022,KA-KLR,STN-KA-KLR-0004
ANPR-0886,13.31268,78.06321,KA-KLR,STN-KA-KLR-0005
ANPR-0887,13.34095,78.02448,KA-KLR,STN-KA-KLR-0005
ANPR-0888,13.26156,77.98472,KA-KLR,STN-KA-KLR-0005
ANPR-0889,12.93091,78.0826,KA-KLR,STN-KA-KLR-0006
ANPR-0890,12.91215,78.13656,KA-KLR,STN-KA-KLR-0006
ANPR-0891,12.9801,78.12306,KA-KLR,STN-KA-KLR-0007
ANPR-0892,13.04454,78.12801,KA-KLR,STN-KA-KLR-0007
ANPR-0893,12.86183,78.10641,KA-KLR,STN-KA-KLR-0008
ANPR-0894,12.99508,78.21129,KA-KLR,STN-KA-KLR-0009
ANPR-0895,13.06974,78.35653,KA-KLR,STN-KA-KLR-0010
ANPR-0896,13.01528,78.36796,KA-KLR,STN-KA-KLR-0010
ANPR-0897,13.16932,78.43036,KA-KLR,STN-KA-KLR-0011
ANPR-0898,13.19937,78.46761,KA-KLR,STN-KA-KLR-0011
ANPR-0899,13.14479,78.50455,KA-KLR,STN-KA-KLR-0011
ANPR-0900,13.03412,78.06463,KA-KLR,STN-KA-KLR-0012
ANPR-0901,13.07306,78.12436,KA-KLR,STN-KA-KLR-0012
ANPR-0902,12.89445,78.28034,KA-KLR,STN-KA-KLR-0013
ANPR-0903,12.89793,78.26617,KA-KLR,STN-KA-KLR-0013
ANPR-0904,13.25986,78.01874,KA-KLR,STN-KA-KLR-0014
ANPR-0905,13.33208,78.00443,KA-KLR,STN-KA-KLR-0014
ANPR-0906,13.0854,78.16221,KA-KLR,STN-KA-KLR-0015
ANPR-0907,13.13661,78.13011,KA-KLR,STN-KA-KLR-0015
ANPR-0908,13.16549,78.13572,KA-KLR,STN-KA-KLR-0015
ANPR-0909,13.13068,78.41721,KA-KLR,STN-KA-KLR-0016
ANPR-0910,13.11178,78.47867,KA-KLR,STN-KA-KLR-0016
ANPR-0911,13.31544,78.11411,KA-KLR,STN-KA-KLR-0017
ANPR-0912,13.46427,78.133,KA-CHB,STN-KA-CHB-0000
ANPR-0913,13.38032,78.14866,KA-CHB,STN-KA-CHB-0000
ANPR-0914,13.37482,78.13228,KA-CHB,STN-KA-CHB-0000
ANPR-0915,13.31871,78.16199,KA-CHB,STN-KA-CHB-0001
ANPR-0916,13.36007,77.75809,KA-CHB,STN-KA-CHB-0002
ANPR-0917,13.34557,77.73104,KA-CHB,STN-KA-CHB-0002
ANPR-0918,13.43141,78.11679,KA-CHB,STN-KA-CHB-0003
ANPR-0919,13.43496,78.19999,KA-CHB,STN-KA-CHB-0003
ANPR-0920,13.39314,78.21984,KA-CHB,STN-KA-CHB-0004
ANPR-0921,13.39874,78.19859,KA-CHB,STN-KA-CHB-0004
ANPR-0922,13.52322,77.82225,KA-CHB,STN-KA-CHB-0005
ANPR-0923,13.50271,77.86903,KA-CHB,STN-KA-CHB-0005
ANPR-0924,13.50455,77.80184,KA-CHB,STN-KA-CHB-0005
ANPR-0925,13.59688,77.84158,KA-CHB,STN-KA-CHB-0006
ANPR-0926,13.6306,77.9061,KA-CHB,STN-KA-CHB-0006
ANPR-0927,13.69785,77.66461,KA-CHB,STN-KA-CHB-0007
ANPR-0928,13.76596,77.69534,KA-CHB,STN-KA-CHB-0007
ANPR-0929,13.68141,77.71013,KA-CHB,STN-KA-CHB-0007
ANPR-0930,13.62671,77.5549,KA-CHB,STN-KA-CHB-0008
ANPR-0931,13.67931,77.5339,KA-CHB,STN-KA-CHB-0008
ANPR-0932,13.62664,77.49789,KA-CHB,STN-KA-CHB-0008
ANPR-0933,13.74769,77.71062,KA-CHB,STN-KA-CHB-0009
ANPR-0934,13.68352,77.67617,KA-CHB,STN-KA-CHB-0009
ANPR-0935,13.66189,77.70208,KA-CHB,STN-KA-CHB-0009
ANPR-0936,13.32108,77.79504,KA-CHB,STN-KA-CHB-0010
ANPR-0937,13.34127,77.79396,KA-CHB,STN-KA-CHB-0010
ANPR-0938,13.30817,77.79575,KA-CHB,STN-KA-CHB-0010
ANPR-0939,13.75073,77.78146,KA-CHB,STN-KA-CHB-0011
ANPR-0940,13.75283,77.76259,KA-CHB,STN-KA-CHB-0011
ANPR-0941,13.72828,77.77737,KA-CHB,STN-KA-CHB-0011
ANPR-0942,13.85859,77.76915,KA-CHB,STN-KA-CHB-0012
ANPR-0943,13.86202,77.78281,KA-CHB,STN-KA-CHB-0012
ANPR-0944,13.83725,77.70782,KA-CHB,STN-KA-CHB-0012
ANPR-0945,13.66963,77.77161,KA-CHB,STN-KA-CHB-0013
ANPR-0946,13.60874,77.77568,KA-CHB,STN-KA-CHB-0013
ANPR-0947,13.42476,77.60439,KA-CHB,STN-KA-CHB-0014
ANPR-0948,13.45064,77.57294,KA-CHB,STN-KA-CHB-0014
ANPR-0949,13.82762,77.49548,KA-CHB,STN-KA-CHB-0015
ANPR-0950,13.80447,77.56769,KA-CHB,STN-KA-CHB-0015
ANPR-0951,13.35734,78.08057,KA-CHB,STN-KA-CHB-0016
ANPR-0952,13.33313,78.06265,KA-CHB,STN-KA-CHB-0016
ANPR-0953,13.37374,78.08435,KA-CHB,STN-KA-CHB-0016
ANPR-0954,13.82283,77.92734,KA-CHB,STN-KA-CHB-0017
ANPR-0955,13.84196,78.01418,KA-CHB,STN-KA-CHB-0017
ANPR-0956,12.93124,77.50503,KA-RMN,STN-KA-RMN-0000
ANPR-0957,12.9749,77.55639,KA-RMN,STN-KA-RMN-0000
ANPR-0958,12.9528,77.52078,KA-RMN,STN-KA-RMN-0000
ANPR-0959,12.84253,77.31553,KA-RMN,STN-KA-RMN-0001
ANPR-0960,12.84485,77.22414,KA-RMN,STN-KA-RMN-0001
ANPR-0961,12.81558,77.29327,KA-RMN,STN-KA-RMN-0001
ANPR-0962,12.79409,77.36407,KA-RMN,STN-KA-RMN-0002
ANPR-0963,12.75838,77.34811,KA-RMN,STN-KA-RMN-0002
ANPR-0964,12.49981,77.68235,KA-RMN,STN-KA-RMN-0003
ANPR-0965,12.58061,77.65769,KA-RMN,STN-KA-RMN-0003
ANPR-0966,12.51029,77.68039,KA-RMN,STN-KA-RMN-0003
ANPR-0967,12.87002,77.22239,KA-RMN,STN-KA-RMN-0004
ANPR-0968,12.8332,77.25094,KA-RMN,STN-KA-RMN-0004
ANPR-0969,12.73338,77.48048,KA-RMN,STN-KA-RMN-0005
ANPR-0970,12.79155,77.4112,KA-RMN,STN-KA-RMN-0005
ANPR-0971,12.86949,77.3063,KA-RMN,STN-KA-RMN-0006
ANPR-0972,12.85226,77.33364,KA-RMN,STN-KA-RMN-0006
ANPR-0973,12.94458,77.34955,KA-RMN,STN-KA-RMN-0006
ANPR-0974,12.65346,77.42456,KA-RMN,STN-KA-RMN-0007
ANPR-0975,12.5792,77.46106,KA-RMN,STN-KA-RMN-0007
ANPR-0976,12.55038,77.40454,KA-RMN,STN-KA-RMN-0008
ANPR-0977,12.98145,77.16435,KA-RMN,STN-KA-RMN-0009
ANPR-0978,12.88724,77.16216,KA-RMN,STN-KA-RMN-0009
ANPR-0979,12.88766,77.18447,KA-RMN,STN-KA-RMN-0009
ANPR-0980,12.87445,77.5503,KA-RMN,STN-KA-RMN-0010
ANPR-0981,12.83103,77.55916,KA-RMN,STN-KA-RMN-0010
ANPR-0982,12.77845,77.46519,KA-RMN,STN-KA-RMN-0011
ANPR-0983,12.76729,77.45962,KA-RMN,STN-KA-RMN-0011
ANPR-0984,12.5366,77.59126,KA-RMN,STN-KA-RMN-0012
ANPR-0985,12.5734,77.66522,KA-RMN,STN-KA-RMN-0012
ANPR-0986,12.59173,77.59238,KA-RMN,STN-KA-RMN-0012
ANPR-0987,12.50233,77.63115,KA-RMN,STN-KA-RMN-0013
ANPR-0988,12.57268,77.49162,KA-RMN,STN-KA-RMN-0014
ANPR-0989,12.58381,77.47497,KA-RMN,STN-KA-RMN-0014
ANPR-0990,12.54296,77.47362,KA-RMN,STN-KA-RMN-0014
ANPR-0991,12.63519,77.46778,KA-RMN,STN-KA-RMN-0015
ANPR-0992,12.67312,77.46954,KA-RMN,STN-KA-RMN-0015
ANPR-0993,12.78345,77.29373,KA-RMN,STN-KA-RMN-0016
ANPR-0994,12.80272,77.34859,KA-RMN,STN-KA-RMN-0017
ANPR-0995,12.86386,77.35854,KA-RMN,STN-KA-RMN-0017
ANPR-0996,15.36037,75.45309,KA-GBG,STN-KA-GBG-0000
ANPR-0997,15.36258,75.44343,KA-GBG,STN-KA-GBG-0000
ANPR-0998,15.39944,75.40565,KA-GBG,STN-KA-GBG-0000
ANPR-0999,15.21103,75.70196,KA-GBG,STN-KA-GBG-0001
ANPR-1000,15.17746,75.75081,KA-GBG,STN-KA-GBG-0001
ANPR-1001,15.22363,75.69109,KA-GBG,STN-KA-GBG-0001
ANPR-1002,15.32928,75.82401,KA-GBG,STN-KA-GBG-0002
ANPR-1003,15.34614,75.81688,KA-GBG,STN-KA-GBG-0002
ANPR-1004,15.36487,75.77556,KA-GBG,STN-KA-GBG-0002
ANPR-1005,15.41231,75.74434,KA-GBG,STN-KA-GBG-0003
ANPR-1006,15.392,75.79569,KA-GBG,STN-KA-GBG-0003
ANPR-1007,15.38768,75.76903,KA-GBG,STN-KA-GBG-0003
ANPR-1008,15.67029,75.83319,KA-GBG,STN-KA-GBG-0004
ANPR-1009,15.63769,75.84136,KA-GBG,STN-KA-GBG-0004
ANPR-1010,15.70946,75.96346,KA-GBG,STN-KA-GBG-0005
ANPR-1011,15.39938,75.48877,KA-GBG,STN-KA-GBG-0006
ANPR-1012,15.46724,75.47966,KA-GBG,STN-KA-GBG-0006
ANPR-1013,15.45599,75.48517,KA-GBG,STN-KA-GBG-0006
ANPR-1014,15.69362,75.71764,KA-GBG,STN-KA-GBG-0007
ANPR-1015,15.24968,75.46621,KA-GBG,STN-KA-GBG-0008
ANPR-1016,15.20301,75.47034,KA-GBG,STN-KA-GBG-0008
ANPR-1017,15.26582,75.43629,KA-GBG,STN-KA-GBG-0008
ANPR-1018,15.27965,75.53868,KA-GBG,STN-KA-GBG-0009
ANPR-1019,15.35582,75.54115,KA-GBG,STN-KA-GBG-0009
ANPR-1020,14.90062,75.12007,KA-HVR,STN-KA-HVR-0000
ANPR-1021,14.44951,75.3519,KA-HVR,STN-KA-HVR-0001
ANPR-1022,14.92947,75.24367,KA-HVR,STN-KA-HVR-0002
ANPR-1023,14.92678,75.21668,KA-HVR,STN-KA-HVR-0002
ANPR-1024,14.89661,75.21266,KA-HVR,STN-KA-HVR-0002
ANPR-1025,14.88725,75.19974,KA-HVR,STN-KA-HVR-0003
ANPR-1026,14.85098,75.26728,KA-HVR,STN-KA-HVR-0003
ANPR-1027,14.88113,75.24759,KA-HVR,STN-KA-HVR-0003
ANPR-1028,14.44409,75.29176,KA-HVR,STN-KA-HVR-0004
ANPR-1029,14.63127,75.13395,KA-HVR,STN-KA-HVR-0005
ANPR-1030,14.66104,75.10299,KA-HVR,STN-KA-HVR-0005
ANPR-1031,14.81359,75.25221,KA-HVR,STN-KA-HVR-0006
ANPR-1032,14.73495,75.53806,KA-HVR,STN-KA-HVR-0007
ANPR-1033,14.73091,75.57732,KA-HVR,STN-KA-HVR-0007
ANPR-1034,15.03893,75.45106,KA-HVR,STN-KA-HVR-0008
ANPR-1035,14.54184,75.37609,KA-HVR,STN-KA-HVR-0009
ANPR-1036,14.57386,75.42301,KA-HVR,STN-KA-HVR-0009
ANPR-1037,15.79674,76.30107,KA-KPT,STN-KA-KPT-0000
ANPR-1038,15.80311,76.26251,KA-KPT,STN-KA-KPT-0000
ANPR-1039,15.6429,76.24578,KA-KPT,STN-KA-KPT-0001
ANPR-1040,15.61883,76.23509,KA-KPT,STN-KA-KPT-0001
ANPR-1041,15.64454,76.19298,KA-KPT,STN-KA-KPT-0001
ANPR-1042,15.28997,76.28974,KA-KPT,STN-KA-KPT-0002
ANPR-1043,15.24731,76.34222,KA-KPT,STN-KA-KPT-0002
ANPR-1044,15.28831,76.23451,KA-KPT,STN-KA-KPT-0003
ANPR-1045,15.25442,76.26669,KA-KPT,STN-KA-KPT-0003
ANPR-1046,15.22364,76.3017,KA-KPT,STN-KA-KPT-0003
ANPR-1047,15.73778,76.40697,KA-KPT,STN-KA-KPT-0004
ANPR-1048,15.81284,76.36785,KA-KPT,STN-KA-KPT-0004
ANPR-1049,15.81503,76.36824,KA-KPT,STN-KA-KPT-0004
ANPR-1050,15.39015,76.56814,KA-KPT,STN-KA-KPT-0005
ANPR-1051,15.35248,76.32179,KA-KPT,STN-KA-KPT-0006
ANPR-1052,15.34864,76.32162,KA-KPT,STN-KA-KPT-0006
ANPR-1053,15.33166,76.38226,KA-KPT,STN-KA-KPT-0006
ANPR-1054,15.21136,76.51979,KA-KPT,STN-KA-KPT-0007
ANPR-1055,15.2436,76.46717,KA-KPT,STN-KA-KPT-0007
ANPR-1056,15.68269,76.43605,KA-KPT,STN-KA-KPT-0008
ANPR-1057,15.71729,76.18671,KA-KPT,STN-KA-KPT-0009
ANPR-1058,16.64911,76.636,KA-YDG,STN-KA-YDG-0000
ANPR-1059,16.67458,76.68303,KA-YDG,STN-KA-YDG-0000
ANPR-1060,16.65849,76.70624,KA-YDG,STN-KA-YDG-0000
ANPR-1061,16.82892,76.81801,KA-YDG,STN-KA-YDG-0001
ANPR-1062,16.84879,76.89747,KA-YDG,STN-KA-YDG-0001
ANPR-1063,16.52904,76.6552,KA-YDG,STN-KA-YDG-0002
ANPR-1064,16.60641,76.7338,KA-YDG,STN-KA-YDG-0002
ANPR-1065,16.61435,76.7538,KA-YDG,STN-KA-YDG-0003
ANPR-1066,16.58162,76.735,KA-YDG,STN-KA-YDG-0003
ANPR-1067,16.61425,76.73606,KA-YDG,STN-KA-YDG-0003
ANPR-1068,16.44126,76.93068,KA-YDG,STN-KA-YDG-0004
ANPR-1069,16.38247,76.85312,KA-YDG,STN-KA-YDG-0004
ANPR-1070,16.47229,76.92527,KA-YDG,STN-KA-YDG-0004
ANPR-1071,16.56883,76.96062,KA-YDG,STN-KA-YDG-0005
ANPR-1072,16.65197,76.75376,KA-YDG,STN-KA-YDG-0006
ANPR-1073,16.62948,76.74836,KA-YDG,STN-KA-YDG-0006
ANPR-1074,16.70987,76.70373,KA-YDG,STN-KA-YDG-0006
ANPR-1075,16.60131,76.64337,KA-YDG,STN-KA-YDG-0007
ANPR-1076,16.35003,76.84296,KA-YDG,STN-KA-YDG-0008
ANPR-1077,16.44346,76.8159,KA-YDG,STN-KA-YDG-0008
ANPR-1078,16.35324,76.82877,KA-YDG,STN-KA-YDG-0008
ANPR-1079,16.55123,76.8689,KA-YDG,STN-KA-YDG-0009
ANPR-1080,15.25152,76.16493,KA-VKT,STN-KA-VKT-0000
ANPR-1081,15.25202,76.11843,KA-VKT,STN-KA-VKT-0000
ANPR-1082,15.05355,76.16431,KA-VKT,STN-KA-VKT-0001
ANPR-1083,14.97655,76.14203,KA-VKT,STN-KA-VKT-0002
ANPR-1084,15.01919,76.18008,KA-VKT,STN-KA-VKT-0002
ANPR-1085,14.88167,76.30613,KA-VKT,STN-KA-VKT-0003
ANPR-1086,14.78918,76.36564,KA-VKT,STN-KA-VKT-0003
ANPR-1087,14.79565,76.35862,KA-VKT,STN-KA-VKT-0003
ANPR-1088,15.35425,75.77112,KA-VKT,STN-KA-VKT-0004
ANPR-1089,15.36024,75.84381,KA-VKT,STN-KA-VKT-0004
ANPR-1090,15.22169,76.47457,KA-VKT,STN-KA-VKT-0005
ANPR-1091,15.24259,76.40479,KA-VKT,STN-KA-VKT-0005
ANPR-1092,15.28215,76.48454,KA-VKT,STN-KA-VKT-0005
ANPR-1093,14.8991,75.93026,KA-VKT,STN-KA-VKT-0006
ANPR-1094,15.01434,76.08197,KA-VKT,STN-KA-VKT-0007
ANPR-1095,14.92576,75.86496,KA-VKT,STN-KA-VKT-0008
ANPR-1096,14.9773,75.87898,KA-VKT,STN-KA-VKT-0008
ANPR-1097,15.2901,76.27882,KA-VKT,STN-KA-VKT-0009
ANPR-1098,15.2343,76.26635,KA-VKT,STN-KA-VKT-0009
ANPR-1099,15.29031,76.31293,KA-VKT,STN-KA-VKT-0009
ANPR-1100,14.95671,76.09823,KA-VKT,STN-KA-VKT-0010
ANPR-1101,15.20429,76.27527,KA-VKT,STN-KA-VKT-0011
ANPR-1102,14.97624,76.16719,KA-VKT,STN-KA-VKT-0012
ANPR-1103,15.06685,75.93148,KA-VKT,STN-KA-VKT-0013
ANPR-1104,14.99607,75.87224,KA-VKT,STN-KA-VKT-0014
ANPR-1105,14.97792,75.85722,KA-VKT,STN-KA-VKT-0014
ANPR-1106,15.00029,76.41056,KA-VKT,STN-KA-VKT-0015
ANPR-1107,14.85345,76.40641,KA-VKT,STN-KA-VKT-0016
ANPR-1108,14.81965,76.39135,KA-VKT,STN-KA-VKT-0016
ANPR-1109,14.87884,76.43061,KA-VKT,STN-KA-VKT-0016
ANPR-1110,15.09896,76.2167,KA-VKT,STN-KA-VKT-0017
ANPR-1111,14.22966,76.71182,KA-CTV,STN-KA-CTV-0000
ANPR-1112,14.3268,76.76676,KA-CTV,STN-KA-CTV-0000
ANPR-1113,14.2682,76.74895,KA-CTV,STN-KA-CTV-0000
ANPR-1114,14.40505,76.4185,KA-CTV,STN-KA-CTV-0001
ANPR-1115,14.40588,76.76985,KA-CTV,STN-KA-CTV-0002
ANPR-1116,13.99576,77.03318,KA-CTV,STN-KA-CTV-0003
ANPR-1117,14.03228,76.62504,KA-CTV,STN-KA-CTV-0004
ANPR-1118,14.0106,76.5896,KA-CTV,STN-KA-CTV-0004
ANPR-1119,14.69084,76.83745,KA-CTV,STN-KA-CTV-0005
ANPR-1120,14.16847,76.89503,KA-CTV,STN-KA-CTV-0006
ANPR-1121,14.20358,76.86316,KA-CTV,STN-KA-CTV-0006
ANPR-1122,14.15345,76.91458,KA-CTV,STN-KA-CTV-0006
ANPR-1123,14.2439,76.72997,KA-CTV,STN-KA-CTV-0007
ANPR-1124,14.18252,76.75458,KA-CTV,STN-KA-CTV-0007
ANPR-1125,14.15344,76.8669,KA-CTV,STN-KA-CTV-0008
ANPR-1126,14.58153,76.47173,KA-CTV,STN-KA-CTV-0009
ANPR-1127,14.26008,76.5211,KA-CTV,STN-KA-CTV-0010
ANPR-1128,14.25225,76.59724,KA-CTV,STN-KA-CTV-0010
ANPR-1129,14.63429,76.92823,KA-CTV,STN-KA-CTV-0011
ANPR-1130,14.60843,76.88911,KA-CTV,STN-KA-CTV-0011
ANPR-1131,14.6598,76.90546,KA-CTV,STN-KA-CTV-0011
ANPR-1132,14.09441,76.55378,KA-CTV,STN-KA-CTV-0012
ANPR-1133,14.04171,76.53798,KA-CTV,STN-KA-CTV-0012
ANPR-1134,14.09479,76.57432,KA-CTV,STN-KA-CTV-0012
ANPR-1135,14.1425,76.55134,KA-CTV,STN-KA-CTV-0013
ANPR-1136,13.95033,76.71883,KA-CTV,STN-KA-CTV-0014
ANPR-1137,13.94094,76.68439,KA-CTV,STN-KA-CTV-0014
ANPR-1138,13.95256,76.73982,KA-CTV,STN-KA-CTV-0014
ANPR-1139,14.045,76.2112,KA-CTV,STN-KA-CTV-0015
ANPR-1140,14.08508,76.2597,KA-CTV,STN-KA-CTV-0015
ANPR-1141,14.03855,76.21389,KA-CTV,STN-KA-CTV-0015
ANPR-1142,14.35907,76.34499,KA-CTV,STN-KA-CTV-0016
ANPR-1143,14.29183,76.37161,KA-CTV,STN-KA-CTV-0016
ANPR-1144,14.03629,76.38403,KA-CTV,STN-KA-CTV-0017
ANPR-1145,14.05446,76.40155,KA-CTV,STN-KA-CTV-0017
ANPR-1146,15.27411,76.84119,KA-BLR2,STN-KA-BLR2-0000
ANPR-1147,15.29353,76.79943,KA-BLR2,STN-KA-BLR2-0000
ANPR-1148,15.4038,77.19989,KA-BLR2,STN-KA-BLR2-0001
ANPR-1149,15.43489,77.16042,KA-BLR2,STN-KA-BLR2-0001
ANPR-1150,15.46805,77.18913,KA-BLR2,STN-KA-BLR2-0001
ANPR-1151,14.94437,77.10267,KA-BLR2,STN-KA-BLR2-0002
ANPR-1152,14.9285,77.19091,KA-BLR2,STN-KA-BLR2-0002
ANPR-1153,14.94858,77.1927,KA-BLR2,STN-KA-BLR2-0002
ANPR-1154,15.44422,77.14462,KA-BLR2,STN-KA-BLR2-0003
ANPR-1155,15.49021,77.14197,KA-BLR2,STN-KA-BLR2-0003
ANPR-1156,15.27037,77.0622,KA-BLR2,STN-KA-BLR2-0004
ANPR-1157,15.41605,76.94181,KA-BLR2,STN-KA-BLR2-0005
ANPR-1158,15.24578,76.75418,KA-BLR2,STN-KA-BLR2-0006
ANPR-1159,15.29867,76.73969,KA-BLR2,STN-KA-BLR2-0006
ANPR-1160,15.32702,76.75222,KA-BLR2,STN-KA-BLR2-0006
ANPR-1161,15.21619,76.67865,KA-BLR2,STN-KA-BLR2-0007
ANPR-1162,15.20407,76.73621,KA-BLR2,STN-KA-BLR2-0007
ANPR-1163,14.89232,76.92337,KA-BLR2,STN-KA-BLR2-0008
ANPR-1164,14.97053,76.9047,KA-BLR2,STN-KA-BLR2-0008
ANPR-1165,14.93019,76.93418,KA-BLR2,STN-KA-BLR2-0008
ANPR-1166,15.363,77.17517,KA-BLR2,STN-KA-BLR2-0009
ANPR-1167,15.31625,77.19684,KA-BLR2,STN-KA-BLR2-0009
ANPR-1168,15.05005,77.14351,KA-BLR2,STN-KA-BLR2-0010
ANPR-1169,15.25059,77.12409,KA-BLR2,STN-KA-BLR2-0011
ANPR-1170,15.54548,76.74882,KA-BLR2,STN-KA-BLR2-0012
ANPR-1171,15.55552,76.79823,KA-BLR2,STN-KA-BLR2-0012
ANPR-1172,15.5654,76.74947,KA-BLR2,STN-KA-BLR2-0012
ANPR-1173,14.99453,76.96071,KA-BLR2,STN-KA-BLR2-0013
ANPR-1174,15.01603,76.95028,KA-BLR2,STN-KA-BLR2-0013
ANPR-1175,15.5192,76.99286,KA-BLR2,STN-KA-BLR2-0014
ANPR-1176,14.97113,76.72894,KA-BLR2,STN-KA-BLR2-0015
ANPR-1177,14.9488,76.72117,KA-BLR2,STN-KA-BLR2-0015
ANPR-1178,14.83586,76.75003,KA-BLR2,STN-KA-BLR2-0016
ANPR-1179,14.83252,76.75617,KA-BLR2,STN-KA-BLR2-0016
ANPR-1180,15.21217,76.64635,KA-BLR2,STN-KA-BLR2-0017
ANPR-1181,15.02758,76.66657,KA-BLR2,STN-KA-BLR2-0018
ANPR-1182,15.02444,76.58723,KA-BLR2,STN-KA-BLR2-0018
ANPR-1183,14.80418,76.77861,KA-BLR2,STN-KA-BLR2-0019
ANPR-1184,14.81866,76.71002,KA-BLR2,STN-KA-BLR2-0019
ANPR-1185,15.30742,77.02216,KA-BLR2,STN-KA-BLR2-0020
ANPR-1186,15.25549,76.99273,KA-BLR2,STN-KA-BLR2-0020
ANPR-1187,15.46054,76.66966,KA-BLR2,STN-KA-BLR2-0021
ANPR-1188,15.51698,76.74816,KA-BLR2,STN-KA-BLR2-0021
ANPR-1189,15.46143,76.67558,KA-BLR2,STN-KA-BLR2-0021
ANPR-1190,15.34174,76.59659,KA-BLR2,STN-KA-BLR2-0022
ANPR-1191,15.36789,76.97256,KA-BLR2,STN-KA-BLR2-0023
ANPR-1192,15.43836,76.96428,KA-BLR2,STN-KA-BLR2-0023
ANPR-1193,15.43819,76.96022,KA-BLR2,STN-KA-BLR2-0023
ANPR-1194,14.88698,76.87468,KA-BLR2,STN-KA-BLR2-0024
ANPR-1195,14.95907,76.90098,KA-BLR2,STN-KA-BLR2-0024
ANPR-1196,14.97334,76.96,KA-BLR2,STN-KA-BLR2-0024
ANPR-1197,15.26999,77.05089,KA-BLR2,STN-KA-BLR2-0025
ANPR-1198,15.27181,77.04897,KA-BLR2,STN-KA-BLR2-0025
ANPR-1199,15.23373,76.99975,KA-BLR2,STN-KA-BLR2-0025
ANPR-1200,15.09492,76.57408,KA-BLR2,STN-KA-BLR2-0026
ANPR-1201,15.04768,76.50342,KA-BLR2,STN-KA-BLR2-0026
ANPR-1202,15.54889,76.62751,KA-BLR2,STN-KA-BLR2-0027
ANPR-1203,14.87001,76.60968,KA-BLR2,STN-KA-BLR2-0028
ANPR-1204,14.82382,76.59517,KA-BLR2,STN-KA-BLR2-0028
ANPR-1205,14.93928,76.69401,KA-BLR2,STN-KA-BLR2-0029
ANPR-1206,15.33791,74.89392,KA-RBG,STN-KA-RBG-0000
ANPR-1207,15.26063,74.92794,KA-RBG,STN-KA-RBG-0000
ANPR-1208,15.48662,75.12645,KA-RBG,STN-KA-RBG-0001
ANPR-1209,15.50019,75.07977,KA-RBG,STN-KA-RBG-0001
ANPR-1210,15.5141,75.08864,KA-RBG,STN-KA-RBG-0001
ANPR-1211,15.26895,75.04514,KA-RBG,STN-KA-RBG-0002
ANPR-1212,15.25696,75.08792,KA-RBG,STN-KA-RBG-0002
ANPR-1213,15.42574,75.34738,KA-RBG,STN-KA-RBG-0003
ANPR-1214,15.42275,75.32512,KA-RBG,STN-KA-RBG-0003
ANPR-1215,15.48923,75.2569,KA-RBG,STN-KA-RBG-0004
ANPR-1216,15.49668,75.27116,KA-RBG,STN-KA-RBG-0004
ANPR-1217,15.26722,75.32807,KA-RBG,STN-KA-RBG-0005
ANPR-1218,15.40483,75.09014,KA-RBG,STN-KA-RBG-0006
ANPR-1219,15.2503,75.32241,KA-RBG,STN-KA-RBG-0007
ANPR-1220,15.30622,75.32864,KA-RBG,STN-KA-RBG-0007
ANPR-1221,15.39274,74.97564,KA-RBG,STN-KA-RBG-0008
ANPR-1222,15.33547,74.92068,KA-RBG,STN-KA-RBG-0008
ANPR-1223,15.59331,75.14985,KA-RBG,STN-KA-RBG-0009
ANPR-1224,15.25085,75.32672,KA-RBG,STN-KA-RBG-0010
ANPR-1225,15.24338,75.38661,KA-RBG,STN-KA-RBG-0010
ANPR-1226,15.51905,74.95937,KA-RBG,STN-KA-RBG-0011
ANPR-1227,15.48671,74.95168,KA-RBG,STN-KA-RBG-0011
ANPR-1228,15.28379,74.86921,KA-RBG,STN-KA-RBG-0012
ANPR-1229,15.27684,74.84321,KA-RBG,STN-KA-RBG-0013
ANPR-1230,15.26378,74.8104,KA-RBG,STN-KA-RBG-0013
ANPR-1231,15.49033,75.12539,KA-RBG,STN-KA-RBG-0014
ANPR-1232,15.50209,74.81145,KA-RBG,STN-KA-RBG-0015
ANPR-1233,15.49335,74.85656,KA-RBG,STN-KA-RBG-0015
ANPR-1234,15.51586,74.88647,KA-RBG,STN-KA-RBG-0015
ANPR-1235,15.43715,75.22472,KA-RBG,STN-KA-RBG-0016
ANPR-1236,15.40479,74.82379,KA-RBG,STN-KA-RBG-0017
ANPR-1237,15.3942,75.03495,KA-RBG,STN-KA-RBG-0018
ANPR-1238,15.49415,75.09564,KA-RBG,STN-KA-RBG-0019
ANPR-1239,15.4476,75.0549,KA-RBG,STN-KA-RBG-0019
ANPR-1240,15.42751,75.13389,KA-RBG,STN-KA-RBG-0019
ANPR-1241,15.52522,75.05318,KA-RBG,STN-KA-RBG-0020
ANPR-1242,15.54259,74.99671,KA-RBG,STN-KA-RBG-0021
ANPR-1243,15.4626,74.95131,KA-RBG,STN-KA-RBG-0022
ANPR-1244,15.5469,74.9695,KA-RBG,STN-KA-RBG-0022
ANPR-1245,15.53736,74.9997,KA-RBG,STN-KA-RBG-0022
ANPR-1246,15.49172,75.12318,KA-RBG,STN-KA-RBG-0023
ANPR-1247,15.57265,75.20466,KA-RBG,STN-KA-RBG-0023
ANPR-1248,15.24973,74.78723,KA-RBG,STN-KA-RBG-0024
ANPR-1249,15.21639,74.81269,KA-RBG,STN-KA-RBG-0024
ANPR-1250,15.21881,74.78978,KA-RBG,STN-KA-RBG-0024
ANPR-1251,15.19969,75.03568,KA-RBG,STN-KA-RBG-0025
ANPR-1252,15.61015,75.16222,KA-RBG,STN-KA-RBG-0026
ANPR-1253,15.55874,75.1456,KA-RBG,STN-KA-RBG-0026
ANPR-1254,15.58596,75.02028,KA-RBG,STN-KA-RBG-0027
ANPR-1255,15.45796,75.38092,KA-RBG,STN-KA-RBG-0028
ANPR-1256,15.35926,74.93106,KA-RBG,STN-KA-RBG-0029
ANPR-1257,15.35625,74.93798,KA-RBG,STN-KA-RBG-0029
